Machine ID,Adjustment,Changeover,Jam,Material Shortage,Operator Break,PM-Scheduled,Power Blip,Quality Check,Sensor Fault,Unplanned Stop,Row Total
M-101,390,21350,9952,6502,3191,18512,378,759,2211,4525,67770
M-102,582,29422,6392,5300,3343,16420,312,873,1312,2660,66616
M-103,518,29195,5549,6784,3815,14501,229,795,1957,3578,66921
M-201,252,23439,4848,6380,1825,15621,320,94,1941,1140,55860
M-202,595,33325,6148,6697,4731,5857,135,277,2082,1610,61457
M-301,1102,29290,5280,8081,2577,10012,162,285,1557,4847,63193
M-302,1823,29442,6225,6770,2631,12602,201,334,1769,3327,65124
M-303,586,30290,5777,5486,1480,10841,263,611,1723,2602,59659
Column Total,5848,225753,50171,52000,23593,104366,2000,4028,14552,24289,506600
