Machine ID,LOT-0001,LOT-0002,LOT-0003,LOT-0004,LOT-0005,LOT-0006,LOT-0007,LOT-0008,LOT-0009,LOT-0010,LOT-0011,LOT-0012,LOT-0013,LOT-0014,LOT-0015,LOT-0016,LOT-0017,LOT-0018,LOT-0019,LOT-0020,LOT-0021,LOT-0022,LOT-0023,LOT-0024,LOT-0025,LOT-0026,LOT-0027,LOT-0028,LOT-0029,LOT-0030,LOT-0031,LOT-0032,LOT-0033,LOT-0034,LOT-0035,LOT-0036,LOT-0037,LOT-0038,LOT-0039,LOT-0040,Row Total
M-101,95,2596,1997,1868,769,1176,2224,3671,2621,98,3147,154,2131,728,1616,1692,1464,3693,1551,1723,971,3068,2012,2975,1370,900,3158,676,817,762,2966,972,2428,2079,130,1750,671,2534,1812,705,67770
M-102,2958,794,46,733,1075,3456,525,2816,1633,1627,834,2402,1940,1459,817,635,1924,1348,1837,1752,3431,2347,2653,4038,1697,3320,1327,810,1820,1430,1657,1644,2821,1498,393,1766,217,1140,1237,759,66616
M-103,1430,1704,868,1217,1496,302,3689,2232,2072,3337,1961,5103,623,721,1714,169,869,1179,2673,650,1610,2308,1429,744,3023,157,2719,899,744,1335,1584,1802,2252,2188,1581,4630,1057,641,550,1659,66921
M-201,588,2646,2465,3102,598,717,588,1386,413,942,713,4042,3125,538,15,2311,266,513,1793,438,867,2019,1639,1189,2526,2512,734,2808,494,2022,421,331,877,3755,778,1966,924,1144,1470,185,55860
M-202,764,786,147,1847,945,1894,2400,2160,2446,388,370,855,3919,970,1552,3044,1370,1067,445,2751,2028,669,964,1786,1236,739,1933,1186,3829,1131,2078,781,1543,1677,3059,2749,615,384,573,2377,61457
M-301,254,1296,3139,836,1371,1007,1132,993,2118,953,2153,214,1172,1851,1008,3395,3162,1649,1545,1421,2981,91,2187,40,1837,1793,990,2854,1988,1943,623,3702,1328,1444,1746,1620,1689,1999,230,1439,63193
M-302,902,1281,1365,944,1502,1113,1952,671,858,1966,1634,140,1164,2403,437,1650,530,2681,3351,1387,2530,1132,1544,3595,1131,750,1303,905,1510,2428,3898,6021,744,2170,1313,1892,760,1283,1164,1120,65124
M-303,2875,996,957,855,1128,1770,883,2001,2186,1220,2159,1388,2871,1230,1563,2384,72,1123,3485,245,1790,86,287,1084,966,133,911,746,2160,2408,2630,2978,2002,1531,3080,670,1518,1171,729,1388,59659
Column Total,9866,12099,10984,11402,8884,11435,13393,15930,14347,10531,12971,14298,16945,9900,8722,15280,9657,13253,16680,10367,16208,11720,12715,15451,13786,10304,13075,10884,13362,13459,15857,18231,13995,16342,12080,17043,7451,10296,7765,9632,506600
