Machine ID,Duration (sec),ReasonCode,Lot ID,Product Code,Machine Group
M-102,90,Jam,LOT-0016,PRD-B,GroupA
M-103,96,Sensor Fault,LOT-0035,PRD-A,GroupA
M-302,43,Jam,LOT-0014,PRD-B,GroupC
M-101,1716,PM-Scheduled,LOT-0027,PRD-B,GroupA
M-303,613,PM-Scheduled,LOT-0011,PRD-D,GroupC
M-301,75,Jam,LOT-0022,PRD-A,GroupC
M-102,667,Changeover,LOT-0023,PRD-E,GroupA
M-202,530,Material Shortage,LOT-0035,PRD-A,GroupB
M-302,95,Jam,LOT-0040,PRD-C,GroupC
M-201,15,Sensor Fault,LOT-0015,PRD-C,GroupB
M-102,163,Material Shortage,LOT-0025,PRD-C,GroupA
M-303,56,Sensor Fault,LOT-0011,PRD-C,GroupC
M-301,88,Jam,LOT-0005,PRD-E,GroupC
M-103,550,Changeover,LOT-0011,PRD-D,GroupA
M-302,162,Jam,LOT-0015,PRD-C,GroupC
M-101,50,Jam,LOT-0021,PRD-D,GroupA
M-202,165,Jam,LOT-0021,PRD-B,GroupB
M-303,769,Changeover,LOT-0010,PRD-C,GroupC
M-103,163,Jam,LOT-0035,PRD-C,GroupA
M-302,162,Quality Check,LOT-0024,PRD-B,GroupC
M-103,393,Changeover,LOT-0004,PRD-A,GroupA
M-103,111,Sensor Fault,LOT-0028,PRD-E,GroupA
M-102,779,Changeover,LOT-0034,PRD-C,GroupA
M-101,24,Sensor Fault,LOT-0035,PRD-C,GroupA
M-301,131,Jam,LOT-0011,PRD-D,GroupC
M-101,214,Adjustment,LOT-0017,PRD-E,GroupA
M-103,408,Changeover,LOT-0020,PRD-E,GroupA
M-201,61,Jam,LOT-0035,PRD-E,GroupB
M-101,1600,PM-Scheduled,LOT-0002,PRD-A,GroupA
M-301,374,Material Shortage,LOT-0016,PRD-A,GroupC
M-201,140,Material Shortage,LOT-0006,PRD-D,GroupB
M-102,605,Unplanned Stop,LOT-0009,PRD-B,GroupA
M-303,72,Adjustment,LOT-0017,PRD-E,GroupC
M-302,168,Adjustment,LOT-0013,PRD-C,GroupC
M-302,725,Unplanned Stop,LOT-0024,PRD-D,GroupC
M-303,77,Jam,LOT-0005,PRD-C,GroupC
M-101,1071,PM-Scheduled,LOT-0038,PRD-B,GroupA
M-101,63,Jam,LOT-0015,PRD-A,GroupA
M-101,132,Material Shortage,LOT-0033,PRD-B,GroupA
M-202,37,Sensor Fault,LOT-0035,PRD-B,GroupB
M-303,141,Jam,LOT-0027,PRD-B,GroupC
M-102,130,Jam,LOT-0023,PRD-D,GroupA
M-302,355,Changeover,LOT-0007,PRD-A,GroupC
M-302,112,Sensor Fault,LOT-0007,PRD-B,GroupC
M-201,134,Jam,LOT-0009,PRD-D,GroupB
M-103,83,Jam,LOT-0005,PRD-D,GroupA
M-102,158,Jam,LOT-0001,PRD-A,GroupA
M-201,144,Jam,LOT-0031,PRD-B,GroupB
M-302,15,Power Blip,LOT-0025,PRD-A,GroupC
M-302,136,Jam,LOT-0019,PRD-D,GroupC
M-303,95,Jam,LOT-0014,PRD-A,GroupC
M-101,17,Sensor Fault,LOT-0004,PRD-E,GroupA
M-303,843,Changeover,LOT-0011,PRD-A,GroupC
M-102,130,Material Shortage,LOT-0039,PRD-A,GroupA
M-201,883,Changeover,LOT-0016,PRD-E,GroupB
M-101,63,Sensor Fault,LOT-0038,PRD-E,GroupA
M-301,18,Power Blip,LOT-0021,PRD-B,GroupC
M-202,607,Changeover,LOT-0030,PRD-C,GroupB
M-102,179,Jam,LOT-0037,PRD-A,GroupA
M-102,818,Changeover,LOT-0017,PRD-B,GroupA
M-301,285,Quality Check,LOT-0016,PRD-C,GroupC
M-202,159,Jam,LOT-0020,PRD-E,GroupB
M-101,80,Sensor Fault,LOT-0020,PRD-A,GroupA
M-103,47,Jam,LOT-0036,PRD-B,GroupA
M-202,73,Jam,LOT-0022,PRD-B,GroupB
M-202,557,Changeover,LOT-0004,PRD-A,GroupB
M-302,105,Material Shortage,LOT-0001,PRD-C,GroupC
M-103,43,Sensor Fault,LOT-0011,PRD-D,GroupA
M-302,829,PM-Scheduled,LOT-0005,PRD-B,GroupC
M-101,211,Material Shortage,LOT-0028,PRD-B,GroupA
M-101,340,Changeover,LOT-0023,PRD-B,GroupA
M-201,55,Sensor Fault,LOT-0036,PRD-D,GroupB
M-103,20,Power Blip,LOT-0011,PRD-B,GroupA
M-302,105,Jam,LOT-0027,PRD-B,GroupC
M-202,47,Jam,LOT-0025,PRD-A,GroupB
M-303,137,Jam,LOT-0023,PRD-C,GroupC
M-201,69,Jam,LOT-0026,PRD-C,GroupB
M-202,345,Material Shortage,LOT-0023,PRD-E,GroupB
M-302,117,Sensor Fault,LOT-0035,PRD-C,GroupC
M-101,154,Jam,LOT-0012,PRD-E,GroupA
M-202,172,Jam,LOT-0028,PRD-C,GroupB
M-301,823,Changeover,LOT-0008,PRD-D,GroupC
M-201,131,Jam,LOT-0001,PRD-E,GroupB
M-201,371,Changeover,LOT-0022,PRD-E,GroupB
M-301,25,Sensor Fault,LOT-0020,PRD-E,GroupC
M-202,51,Sensor Fault,LOT-0026,PRD-C,GroupB
M-103,117,Jam,LOT-0012,PRD-E,GroupA
M-202,300,Changeover,LOT-0020,PRD-C,GroupB
M-201,893,Changeover,LOT-0039,PRD-C,GroupB
M-303,518,Changeover,LOT-0033,PRD-D,GroupC
M-103,46,Sensor Fault,LOT-0033,PRD-E,GroupA
M-301,80,Jam,LOT-0020,PRD-B,GroupC
M-201,31,Jam,LOT-0016,PRD-D,GroupB
M-102,889,Changeover,LOT-0013,PRD-D,GroupA
M-303,451,Changeover,LOT-0001,PRD-A,GroupC
M-302,152,Jam,LOT-0030,PRD-A,GroupC
M-201,12,Power Blip,LOT-0030,PRD-B,GroupB
M-303,81,Sensor Fault,LOT-0039,PRD-C,GroupC
M-303,102,Sensor Fault,LOT-0033,PRD-D,GroupC
M-303,250,Quality Check,LOT-0031,PRD-D,GroupC
M-202,441,Operator Break,LOT-0034,PRD-D,GroupB
M-201,39,Jam,LOT-0019,PRD-B,GroupB
M-202,853,Changeover,LOT-0006,PRD-B,GroupB
M-103,59,Jam,LOT-0014,PRD-A,GroupA
M-302,855,Changeover,LOT-0030,PRD-D,GroupC
M-101,228,Jam,LOT-0025,PRD-E,GroupA
M-101,449,Material Shortage,LOT-0031,PRD-A,GroupA
M-301,119,Jam,LOT-0027,PRD-E,GroupC
M-201,579,Changeover,LOT-0028,PRD-D,GroupB
M-101,714,Changeover,LOT-0011,PRD-D,GroupA
M-103,606,Unplanned Stop,LOT-0002,PRD-D,GroupA
M-101,232,Jam,LOT-0009,PRD-D,GroupA
M-103,117,Jam,LOT-0021,PRD-B,GroupA
M-303,688,Changeover,LOT-0018,PRD-D,GroupC
M-202,541,Material Shortage,LOT-0002,PRD-E,GroupB
M-101,418,Unplanned Stop,LOT-0015,PRD-A,GroupA
M-101,426,Operator Break,LOT-0013,PRD-A,GroupA
M-103,141,Jam,LOT-0008,PRD-E,GroupA
M-201,562,Changeover,LOT-0024,PRD-B,GroupB
M-102,383,Operator Break,LOT-0020,PRD-A,GroupA
M-101,41,Power Blip,LOT-0025,PRD-D,GroupA
M-201,180,Jam,LOT-0016,PRD-A,GroupB
M-202,183,Material Shortage,LOT-0037,PRD-A,GroupB
M-301,679,Changeover,LOT-0005,PRD-E,GroupC
M-301,127,Jam,LOT-0032,PRD-A,GroupC
M-302,192,Adjustment,LOT-0030,PRD-B,GroupC
M-302,153,Jam,LOT-0018,PRD-E,GroupC
M-303,574,Changeover,LOT-0021,PRD-B,GroupC
M-102,135,Jam,LOT-0016,PRD-D,GroupA
M-302,806,Changeover,LOT-0021,PRD-B,GroupC
M-303,86,Jam,LOT-0022,PRD-C,GroupC
M-202,1658,PM-Scheduled,LOT-0013,PRD-A,GroupB
M-201,72,Sensor Fault,LOT-0036,PRD-B,GroupB
M-303,72,Sensor Fault,LOT-0029,PRD-A,GroupC
M-102,123,Jam,LOT-0016,PRD-C,GroupA
M-301,843,Changeover,LOT-0023,PRD-D,GroupC
M-301,764,Changeover,LOT-0018,PRD-C,GroupC
M-202,69,Jam,LOT-0021,PRD-A,GroupB
M-103,143,Jam,LOT-0018,PRD-E,GroupA
M-202,258,Unplanned Stop,LOT-0019,PRD-B,GroupB
M-301,23,Jam,LOT-0035,PRD-B,GroupC
M-202,33,Jam,LOT-0036,PRD-C,GroupB
M-103,106,Sensor Fault,LOT-0032,PRD-A,GroupA
M-101,1561,PM-Scheduled,LOT-0031,PRD-D,GroupA
M-301,33,Jam,LOT-0017,PRD-D,GroupC
M-102,470,Material Shortage,LOT-0032,PRD-A,GroupA
M-101,295,Jam,LOT-0020,PRD-A,GroupA
M-201,126,Jam,LOT-0039,PRD-E,GroupB
M-201,494,Operator Break,LOT-0029,PRD-D,GroupB
M-202,499,Material Shortage,LOT-0020,PRD-E,GroupB
M-101,104,Sensor Fault,LOT-0007,PRD-B,GroupA
M-201,40,Jam,LOT-0011,PRD-B,GroupB
M-103,920,PM-Scheduled,LOT-0001,PRD-D,GroupA
M-303,70,Sensor Fault,LOT-0019,PRD-A,GroupC
M-201,92,Jam,LOT-0030,PRD-A,GroupB
M-201,55,Power Blip,LOT-0038,PRD-B,GroupB
M-302,77,Jam,LOT-0010,PRD-C,GroupC
M-103,62,Jam,LOT-0020,PRD-E,GroupA
M-202,779,Changeover,LOT-0020,PRD-D,GroupB
M-202,805,Changeover,LOT-0029,PRD-A,GroupB
M-101,248,Quality Check,LOT-0021,PRD-E,GroupA
M-202,78,Jam,LOT-0037,PRD-E,GroupB
M-101,748,Unplanned Stop,LOT-0018,PRD-E,GroupA
M-101,389,Operator Break,LOT-0031,PRD-E,GroupA
M-303,16,Power Blip,LOT-0038,PRD-D,GroupC
M-303,150,Adjustment,LOT-0023,PRD-D,GroupC
M-301,407,Changeover,LOT-0011,PRD-C,GroupC
M-302,46,Sensor Fault,LOT-0026,PRD-E,GroupC
M-101,622,Changeover,LOT-0017,PRD-C,GroupA
M-102,473,Unplanned Stop,LOT-0033,PRD-A,GroupA
M-303,492,Changeover,LOT-0034,PRD-C,GroupC
M-303,107,Sensor Fault,LOT-0004,PRD-B,GroupC
M-202,594,Changeover,LOT-0029,PRD-D,GroupB
M-102,175,Jam,LOT-0016,PRD-B,GroupA
M-202,1731,PM-Scheduled,LOT-0027,PRD-A,GroupB
M-201,176,Unplanned Stop,LOT-0030,PRD-A,GroupB
M-103,598,Changeover,LOT-0033,PRD-C,GroupA
M-302,543,Material Shortage,LOT-0016,PRD-D,GroupC
M-103,820,Changeover,LOT-0009,PRD-A,GroupA
M-202,512,Operator Break,LOT-0022,PRD-E,GroupB
M-202,349,Material Shortage,LOT-0020,PRD-E,GroupB
M-303,517,Material Shortage,LOT-0035,PRD-D,GroupC
M-301,856,Changeover,LOT-0025,PRD-D,GroupC
M-301,304,Material Shortage,LOT-0037,PRD-D,GroupC
M-201,480,Material Shortage,LOT-0003,PRD-C,GroupB
M-303,113,Sensor Fault,LOT-0025,PRD-D,GroupC
M-103,337,Changeover,LOT-0009,PRD-E,GroupA
M-301,510,Material Shortage,LOT-0007,PRD-E,GroupC
M-303,56,Jam,LOT-0027,PRD-B,GroupC
M-102,571,Changeover,LOT-0022,PRD-E,GroupA
M-302,119,Sensor Fault,LOT-0022,PRD-E,GroupC
M-302,190,Adjustment,LOT-0032,PRD-E,GroupC
M-101,40,Sensor Fault,LOT-0019,PRD-B,GroupA
M-102,400,Changeover,LOT-0007,PRD-D,GroupA
M-103,13,Sensor Fault,LOT-0003,PRD-C,GroupA
M-101,207,Jam,LOT-0028,PRD-B,GroupA
M-201,879,Changeover,LOT-0012,PRD-B,GroupB
M-103,117,Jam,LOT-0040,PRD-B,GroupA
M-303,14,Power Blip,LOT-0015,PRD-D,GroupC
M-202,309,Changeover,LOT-0030,PRD-C,GroupB
M-103,108,Jam,LOT-0038,PRD-C,GroupA
M-302,68,Sensor Fault,LOT-0020,PRD-B,GroupC
M-302,169,Material Shortage,LOT-0016,PRD-D,GroupC
M-301,1204,PM-Scheduled,LOT-0002,PRD-D,GroupC
M-202,32,Jam,LOT-0039,PRD-D,GroupB
M-202,417,Operator Break,LOT-0039,PRD-C,GroupB
M-201,89,Sensor Fault,LOT-0017,PRD-B,GroupB
M-102,46,Power Blip,LOT-0003,PRD-C,GroupA
M-303,113,Jam,LOT-0009,PRD-A,GroupC
M-202,725,Changeover,LOT-0012,PRD-B,GroupB
M-103,434,Material Shortage,LOT-0034,PRD-E,GroupA
M-202,323,Material Shortage,LOT-0031,PRD-C,GroupB
M-301,539,Material Shortage,LOT-0005,PRD-B,GroupC
M-201,466,Material Shortage,LOT-0036,PRD-C,GroupB
M-102,74,Material Shortage,LOT-0017,PRD-E,GroupA
M-102,568,Changeover,LOT-0038,PRD-D,GroupA
M-301,79,Jam,LOT-0031,PRD-A,GroupC
M-301,19,Power Blip,LOT-0005,PRD-D,GroupC
M-202,24,Sensor Fault,LOT-0009,PRD-A,GroupB
M-101,804,Changeover,LOT-0008,PRD-A,GroupA
M-201,94,Quality Check,LOT-0025,PRD-D,GroupB
M-301,105,Sensor Fault,LOT-0035,PRD-D,GroupC
M-103,227,Quality Check,LOT-0007,PRD-D,GroupA
M-302,22,Power Blip,LOT-0003,PRD-C,GroupC
M-201,541,Changeover,LOT-0024,PRD-A,GroupB
M-301,667,Changeover,LOT-0004,PRD-D,GroupC
M-202,51,Jam,LOT-0030,PRD-A,GroupB
M-201,86,Sensor Fault,LOT-0002,PRD-A,GroupB
M-301,52,Jam,LOT-0037,PRD-B,GroupC
M-102,272,Material Shortage,LOT-0038,PRD-B,GroupA
M-201,451,Changeover,LOT-0039,PRD-A,GroupB
M-202,208,Material Shortage,LOT-0009,PRD-E,GroupB
M-202,172,Material Shortage,LOT-0002,PRD-B,GroupB
M-101,543,Changeover,LOT-0038,PRD-C,GroupA
M-101,59,Jam,LOT-0009,PRD-D,GroupA
M-102,70,Sensor Fault,LOT-0029,PRD-C,GroupA
M-102,526,Changeover,LOT-0040,PRD-A,GroupA
M-202,331,Changeover,LOT-0004,PRD-D,GroupB
M-302,410,Changeover,LOT-0032,PRD-D,GroupC
M-102,142,Quality Check,LOT-0039,PRD-B,GroupA
M-102,179,Jam,LOT-0038,PRD-E,GroupA
M-301,843,Changeover,LOT-0019,PRD-D,GroupC
M-302,49,Jam,LOT-0036,PRD-B,GroupC
M-302,533,Changeover,LOT-0027,PRD-C,GroupC
M-303,397,Changeover,LOT-0021,PRD-D,GroupC
M-301,57,Sensor Fault,LOT-0010,PRD-D,GroupC
M-102,41,Jam,LOT-0006,PRD-D,GroupA
M-102,57,Sensor Fault,LOT-0009,PRD-E,GroupA
M-101,1750,PM-Scheduled,LOT-0036,PRD-C,GroupA
M-102,733,Changeover,LOT-0004,PRD-C,GroupA
M-202,891,Changeover,LOT-0033,PRD-B,GroupB
M-103,38,Sensor Fault,LOT-0007,PRD-C,GroupA
M-301,91,Jam,LOT-0037,PRD-B,GroupC
M-302,86,Material Shortage,LOT-0039,PRD-C,GroupC
M-101,178,Jam,LOT-0022,PRD-C,GroupA
M-101,100,Jam,LOT-0037,PRD-D,GroupA
M-102,27,Jam,LOT-0006,PRD-E,GroupA
M-201,764,Changeover,LOT-0022,PRD-B,GroupB
M-301,632,Changeover,LOT-0037,PRD-E,GroupC
M-102,99,Quality Check,LOT-0011,PRD-E,GroupA
M-101,44,Sensor Fault,LOT-0029,PRD-D,GroupA
M-303,63,Sensor Fault,LOT-0018,PRD-B,GroupC
M-102,413,Changeover,LOT-0019,PRD-E,GroupA
M-303,615,Changeover,LOT-0003,PRD-B,GroupC
M-302,116,Unplanned Stop,LOT-0001,PRD-B,GroupC
M-202,226,Adjustment,LOT-0009,PRD-C,GroupB
M-202,307,Changeover,LOT-0032,PRD-D,GroupB
M-103,156,Jam,LOT-0015,PRD-E,GroupA
M-301,30,Jam,LOT-0028,PRD-A,GroupC
M-303,60,Power Blip,LOT-0021,PRD-E,GroupC
M-302,1455,PM-Scheduled,LOT-0019,PRD-A,GroupC
M-302,103,Jam,LOT-0011,PRD-E,GroupC
M-303,430,Material Shortage,LOT-0006,PRD-D,GroupC
M-102,170,Jam,LOT-0026,PRD-E,GroupA
M-102,617,Changeover,LOT-0022,PRD-B,GroupA
M-301,339,Operator Break,LOT-0033,PRD-A,GroupC
M-201,27,Power Blip,LOT-0023,PRD-B,GroupB
M-201,85,Jam,LOT-0013,PRD-B,GroupB
M-103,338,Operator Break,LOT-0012,PRD-D,GroupA
M-303,596,Operator Break,LOT-0029,PRD-E,GroupC
M-301,383,Material Shortage,LOT-0010,PRD-D,GroupC
M-102,610,Changeover,LOT-0018,PRD-E,GroupA
M-101,375,Changeover,LOT-0020,PRD-D,GroupA
M-303,114,Jam,LOT-0019,PRD-A,GroupC
M-102,74,Sensor Fault,LOT-0025,PRD-D,GroupA
M-101,885,Changeover,LOT-0013,PRD-C,GroupA
M-303,363,Changeover,LOT-0029,PRD-A,GroupC
M-301,321,Unplanned Stop,LOT-0033,PRD-B,GroupC
M-101,237,Jam,LOT-0029,PRD-E,GroupA
M-103,589,Changeover,LOT-0025,PRD-D,GroupA
M-301,16,Sensor Fault,LOT-0022,PRD-A,GroupC
M-301,118,Jam,LOT-0019,PRD-C,GroupC
M-103,896,Changeover,LOT-0010,PRD-C,GroupA
M-202,208,Adjustment,LOT-0026,PRD-B,GroupB
M-102,685,Changeover,LOT-0022,PRD-B,GroupA
M-102,64,Sensor Fault,LOT-0033,PRD-C,GroupA
M-101,484,Changeover,LOT-0014,PRD-C,GroupA
M-303,55,Jam,LOT-0010,PRD-A,GroupC
M-202,163,Material Shortage,LOT-0033,PRD-E,GroupB
M-101,108,Sensor Fault,LOT-0040,PRD-B,GroupA
M-302,66,Jam,LOT-0040,PRD-B,GroupC
M-303,113,Jam,LOT-0016,PRD-D,GroupC
M-202,529,Operator Break,LOT-0015,PRD-E,GroupB
M-201,780,Changeover,LOT-0013,PRD-C,GroupB
M-303,588,Changeover,LOT-0025,PRD-E,GroupC
M-302,239,Adjustment,LOT-0013,PRD-E,GroupC
M-103,113,Material Shortage,LOT-0031,PRD-C,GroupA
M-102,76,Sensor Fault,LOT-0008,PRD-C,GroupA
M-102,439,Operator Break,LOT-0029,PRD-E,GroupA
M-103,153,Material Shortage,LOT-0015,PRD-D,GroupA
M-301,31,Power Blip,LOT-0004,PRD-D,GroupC
M-301,40,Jam,LOT-0024,PRD-B,GroupC
M-101,401,Changeover,LOT-0022,PRD-B,GroupA
M-103,140,Jam,LOT-0009,PRD-D,GroupA
M-303,20,Sensor Fault,LOT-0002,PRD-C,GroupC
M-201,600,Material Shortage,LOT-0028,PRD-A,GroupB
M-202,51,Jam,LOT-0004,PRD-B,GroupB
M-302,89,Sensor Fault,LOT-0030,PRD-A,GroupC
M-102,571,Material Shortage,LOT-0039,PRD-E,GroupA
M-101,83,Sensor Fault,LOT-0016,PRD-B,GroupA
M-202,661,Changeover,LOT-0016,PRD-E,GroupB
M-302,41,Jam,LOT-0034,PRD-C,GroupC
M-102,169,Adjustment,LOT-0033,PRD-E,GroupA
M-101,781,Changeover,LOT-0003,PRD-D,GroupA
M-301,24,Jam,LOT-0023,PRD-A,GroupC
M-301,180,Jam,LOT-0007,PRD-E,GroupC
M-301,110,Jam,LOT-0035,PRD-C,GroupC
M-103,535,Material Shortage,LOT-0031,PRD-B,GroupA
M-103,137,Jam,LOT-0003,PRD-C,GroupA
M-201,71,Jam,LOT-0003,PRD-C,GroupB
M-202,856,Changeover,LOT-0031,PRD-C,GroupB
M-101,397,Operator Break,LOT-0019,PRD-C,GroupA
M-101,399,Material Shortage,LOT-0018,PRD-A,GroupA
M-301,709,Changeover,LOT-0029,PRD-D,GroupC
M-301,1249,Unplanned Stop,LOT-0032,PRD-C,GroupC
M-202,494,Material Shortage,LOT-0006,PRD-D,GroupB
M-103,628,Changeover,LOT-0007,PRD-A,GroupA
M-301,49,Sensor Fault,LOT-0029,PRD-E,GroupC
M-302,133,Jam,LOT-0023,PRD-D,GroupC
M-101,55,Sensor Fault,LOT-0040,PRD-D,GroupA
M-202,111,Sensor Fault,LOT-0004,PRD-A,GroupB
M-302,463,Changeover,LOT-0002,PRD-B,GroupC
M-303,37,Jam,LOT-0016,PRD-C,GroupC
M-301,880,Changeover,LOT-0003,PRD-E,GroupC
M-103,57,Sensor Fault,LOT-0024,PRD-D,GroupA
M-102,1684,PM-Scheduled,LOT-0024,PRD-D,GroupA
M-301,41,Sensor Fault,LOT-0008,PRD-A,GroupC
M-103,696,Changeover,LOT-0036,PRD-A,GroupA
M-202,528,Operator Break,LOT-0014,PRD-E,GroupB
M-202,72,Sensor Fault,LOT-0013,PRD-A,GroupB
M-103,522,Material Shortage,LOT-0012,PRD-D,GroupA
M-102,387,Material Shortage,LOT-0023,PRD-A,GroupA
M-202,277,Quality Check,LOT-0011,PRD-B,GroupB
M-301,424,Changeover,LOT-0013,PRD-B,GroupC
M-201,86,Material Shortage,LOT-0024,PRD-E,GroupB
M-301,864,Changeover,LOT-0009,PRD-E,GroupC
M-102,121,Jam,LOT-0031,PRD-E,GroupA
M-302,594,Operator Break,LOT-0005,PRD-B,GroupC
M-301,67,Sensor Fault,LOT-0030,PRD-E,GroupC
M-301,161,Jam,LOT-0038,PRD-B,GroupC
M-103,356,Changeover,LOT-0008,PRD-E,GroupA
M-103,465,Changeover,LOT-0021,PRD-B,GroupA
M-301,162,Adjustment,LOT-0019,PRD-A,GroupC
M-202,161,Jam,LOT-0018,PRD-B,GroupB
M-202,21,Sensor Fault,LOT-0033,PRD-B,GroupB
M-103,179,Jam,LOT-0039,PRD-C,GroupA
M-101,89,Material Shortage,LOT-0006,PRD-A,GroupA
M-202,108,Sensor Fault,LOT-0037,PRD-D,GroupB
M-101,858,Changeover,LOT-0019,PRD-C,GroupA
M-303,123,Jam,LOT-0020,PRD-D,GroupC
M-102,30,Sensor Fault,LOT-0029,PRD-D,GroupA
M-303,648,Changeover,LOT-0039,PRD-B,GroupC
M-301,386,Material Shortage,LOT-0023,PRD-D,GroupC
M-103,563,Operator Break,LOT-0036,PRD-A,GroupA
M-301,51,Jam,LOT-0018,PRD-D,GroupC
M-201,32,Jam,LOT-0019,PRD-D,GroupB
M-302,60,Jam,LOT-0021,PRD-E,GroupC
M-301,60,Jam,LOT-0032,PRD-E,GroupC
M-303,615,Changeover,LOT-0032,PRD-A,GroupC
M-102,159,Adjustment,LOT-0030,PRD-B,GroupA
M-201,699,PM-Scheduled,LOT-0004,PRD-C,GroupB
M-303,1563,PM-Scheduled,LOT-0019,PRD-E,GroupC
M-101,501,Material Shortage,LOT-0009,PRD-C,GroupA
M-301,487,Operator Break,LOT-0003,PRD-D,GroupC
M-101,998,PM-Scheduled,LOT-0024,PRD-E,GroupA
M-202,149,Jam,LOT-0029,PRD-E,GroupB
M-202,181,Material Shortage,LOT-0009,PRD-A,GroupB
M-302,647,Changeover,LOT-0036,PRD-C,GroupC
M-103,150,Jam,LOT-0026,PRD-E,GroupA
M-101,99,Jam,LOT-0022,PRD-D,GroupA
M-303,151,Jam,LOT-0009,PRD-C,GroupC
M-301,177,Jam,LOT-0020,PRD-E,GroupC
M-301,821,Changeover,LOT-0035,PRD-D,GroupC
M-202,317,Changeover,LOT-0024,PRD-C,GroupB
M-102,657,Unplanned Stop,LOT-0020,PRD-A,GroupA
M-303,168,Jam,LOT-0037,PRD-B,GroupC
M-101,949,PM-Scheduled,LOT-0034,PRD-E,GroupA
M-302,82,Jam,LOT-0003,PRD-E,GroupC
M-102,132,Jam,LOT-0021,PRD-D,GroupA
M-103,508,Changeover,LOT-0027,PRD-E,GroupA
M-303,123,Material Shortage,LOT-0009,PRD-E,GroupC
M-201,1579,PM-Scheduled,LOT-0034,PRD-D,GroupB
M-301,147,Adjustment,LOT-0035,PRD-C,GroupC
M-301,102,Sensor Fault,LOT-0017,PRD-E,GroupC
M-303,83,Jam,LOT-0018,PRD-E,GroupC
M-202,96,Jam,LOT-0019,PRD-B,GroupB
M-303,657,Changeover,LOT-0036,PRD-C,GroupC
M-202,159,Jam,LOT-0025,PRD-D,GroupB
M-301,235,Adjustment,LOT-0010,PRD-C,GroupC
M-101,72,Jam,LOT-0023,PRD-D,GroupA
M-202,37,Sensor Fault,LOT-0013,PRD-E,GroupB
M-202,49,Power Blip,LOT-0018,PRD-B,GroupB
M-102,85,Sensor Fault,LOT-0016,PRD-B,GroupA
M-101,77,Sensor Fault,LOT-0015,PRD-B,GroupA
M-101,187,Jam,LOT-0031,PRD-A,GroupA
M-103,160,Jam,LOT-0011,PRD-D,GroupA
M-303,504,Changeover,LOT-0019,PRD-C,GroupC
M-202,108,Sensor Fault,LOT-0006,PRD-E,GroupB
M-201,338,Changeover,LOT-0012,PRD-D,GroupB
M-103,7,Power Blip,LOT-0026,PRD-D,GroupA
M-103,60,Power Blip,LOT-0019,PRD-A,GroupA
M-101,313,Jam,LOT-0007,PRD-C,GroupA
M-202,856,Changeover,LOT-0034,PRD-D,GroupB
M-103,539,Material Shortage,LOT-0018,PRD-B,GroupA
M-102,769,Changeover,LOT-0017,PRD-B,GroupA
M-101,111,Sensor Fault,LOT-0019,PRD-E,GroupA
M-201,123,Jam,LOT-0028,PRD-E,GroupB
M-301,44,Jam,LOT-0012,PRD-B,GroupC
M-303,554,Changeover,LOT-0001,PRD-C,GroupC
M-302,88,Jam,LOT-0022,PRD-C,GroupC
M-101,201,Jam,LOT-0016,PRD-A,GroupA
M-102,463,Changeover,LOT-0026,PRD-E,GroupA
M-202,91,Sensor Fault,LOT-0019,PRD-C,GroupB
M-201,54,Jam,LOT-0031,PRD-B,GroupB
M-303,87,Sensor Fault,LOT-0024,PRD-D,GroupC
M-303,411,Operator Break,LOT-0016,PRD-E,GroupC
M-102,840,Changeover,LOT-0024,PRD-A,GroupA
M-102,160,Jam,LOT-0033,PRD-B,GroupA
M-103,153,Jam,LOT-0029,PRD-A,GroupA
M-201,72,Sensor Fault,LOT-0006,PRD-E,GroupB
M-303,524,Material Shortage,LOT-0009,PRD-E,GroupC
M-302,359,Changeover,LOT-0036,PRD-D,GroupC
M-202,60,Sensor Fault,LOT-0017,PRD-A,GroupB
M-201,692,PM-Scheduled,LOT-0028,PRD-C,GroupB
M-102,361,Changeover,LOT-0005,PRD-D,GroupA
M-101,118,Jam,LOT-0009,PRD-D,GroupA
M-301,992,Unplanned Stop,LOT-0029,PRD-D,GroupC
M-302,158,Jam,LOT-0009,PRD-C,GroupC
M-102,157,Jam,LOT-0026,PRD-E,GroupA
M-103,38,Sensor Fault,LOT-0001,PRD-A,GroupA
M-202,857,Changeover,LOT-0028,PRD-E,GroupB
M-302,313,Material Shortage,LOT-0030,PRD-C,GroupC
M-103,48,Jam,LOT-0003,PRD-D,GroupA
M-101,66,Jam,LOT-0007,PRD-E,GroupA
M-101,349,Changeover,LOT-0016,PRD-A,GroupA
M-302,852,Changeover,LOT-0014,PRD-A,GroupC
M-103,596,Changeover,LOT-0015,PRD-E,GroupA
M-301,1256,PM-Scheduled,LOT-0016,PRD-C,GroupC
M-103,593,Unplanned Stop,LOT-0015,PRD-D,GroupA
M-202,162,Jam,LOT-0038,PRD-B,GroupB
M-302,696,PM-Scheduled,LOT-0023,PRD-D,GroupC
M-301,62,Sensor Fault,LOT-0010,PRD-C,GroupC
M-302,157,Jam,LOT-0031,PRD-B,GroupC
M-201,447,Changeover,LOT-0030,PRD-A,GroupB
M-302,172,Adjustment,LOT-0034,PRD-B,GroupC
M-302,72,Jam,LOT-0022,PRD-A,GroupC
M-303,154,Material Shortage,LOT-0035,PRD-B,GroupC
M-101,313,Jam,LOT-0039,PRD-A,GroupA
M-102,170,Jam,LOT-0036,PRD-B,GroupA
M-303,105,Jam,LOT-0020,PRD-A,GroupC
M-201,52,Power Blip,LOT-0008,PRD-D,GroupB
M-201,100,Sensor Fault,LOT-0014,PRD-D,GroupB
M-201,1179,PM-Scheduled,LOT-0025,PRD-D,GroupB
M-301,668,Changeover,LOT-0033,PRD-D,GroupC
M-303,140,Jam,LOT-0021,PRD-B,GroupC
M-301,346,Changeover,LOT-0037,PRD-B,GroupC
M-103,161,Jam,LOT-0038,PRD-E,GroupA
M-302,70,Jam,LOT-0022,PRD-B,GroupC
M-302,1103,PM-Scheduled,LOT-0032,PRD-E,GroupC
M-301,145,Jam,LOT-0032,PRD-D,GroupC
M-103,55,Sensor Fault,LOT-0011,PRD-B,GroupA
M-303,158,Jam,LOT-0004,PRD-E,GroupC
M-101,136,Material Shortage,LOT-0004,PRD-A,GroupA
M-302,79,Jam,LOT-0005,PRD-B,GroupC
M-101,244,Jam,LOT-0024,PRD-A,GroupA
M-303,12,Sensor Fault,LOT-0001,PRD-E,GroupC
M-302,155,Jam,LOT-0018,PRD-E,GroupC
M-202,130,Jam,LOT-0012,PRD-A,GroupB
M-102,546,Changeover,LOT-0013,PRD-E,GroupA
M-202,333,Material Shortage,LOT-0026,PRD-A,GroupB
M-301,147,Adjustment,LOT-0037,PRD-B,GroupC
M-201,40,Jam,LOT-0003,PRD-A,GroupB
M-302,865,Changeover,LOT-0031,PRD-A,GroupC
M-101,20,Sensor Fault,LOT-0032,PRD-D,GroupA
M-301,795,PM-Scheduled,LOT-0034,PRD-A,GroupC
M-201,165,Jam,LOT-0031,PRD-C,GroupB
M-101,48,Power Blip,LOT-0018,PRD-E,GroupA
M-101,180,Jam,LOT-0002,PRD-B,GroupA
M-103,503,Operator Break,LOT-0005,PRD-C,GroupA
M-103,1760,PM-Scheduled,LOT-0025,PRD-E,GroupA
M-301,443,Changeover,LOT-0006,PRD-E,GroupC
M-301,131,Jam,LOT-0015,PRD-A,GroupC
M-301,88,Sensor Fault,LOT-0039,PRD-D,GroupC
M-301,89,Jam,LOT-0029,PRD-D,GroupC
M-201,684,Changeover,LOT-0028,PRD-B,GroupB
M-302,178,Jam,LOT-0019,PRD-B,GroupC
M-102,59,Jam,LOT-0025,PRD-B,GroupA
M-302,409,Changeover,LOT-0006,PRD-A,GroupC
M-202,576,Changeover,LOT-0007,PRD-B,GroupB
M-102,134,Jam,LOT-0036,PRD-E,GroupA
M-302,42,Jam,LOT-0023,PRD-E,GroupC
M-102,1264,PM-Scheduled,LOT-0025,PRD-A,GroupA
M-202,386,Changeover,LOT-0036,PRD-B,GroupB
M-103,31,Sensor Fault,LOT-0009,PRD-C,GroupA
M-202,57,Jam,LOT-0005,PRD-B,GroupB
M-302,96,Jam,LOT-0031,PRD-A,GroupC
M-301,83,Jam,LOT-0032,PRD-E,GroupC
M-201,438,Changeover,LOT-0020,PRD-A,GroupB
M-302,689,Changeover,LOT-0022,PRD-D,GroupC
M-301,439,Changeover,LOT-0020,PRD-C,GroupC
M-201,481,Changeover,LOT-0026,PRD-C,GroupB
M-202,91,Sensor Fault,LOT-0032,PRD-E,GroupB
M-201,587,Changeover,LOT-0026,PRD-C,GroupB
M-102,17,Power Blip,LOT-0038,PRD-E,GroupA
M-103,80,Sensor Fault,LOT-0002,PRD-D,GroupA
M-201,598,Changeover,LOT-0005,PRD-D,GroupB
M-303,97,Jam,LOT-0016,PRD-C,GroupC
M-103,111,Sensor Fault,LOT-0025,PRD-A,GroupA
M-303,550,Unplanned Stop,LOT-0038,PRD-D,GroupC
M-302,668,Changeover,LOT-0035,PRD-E,GroupC
M-102,83,Jam,LOT-0023,PRD-B,GroupA
M-101,1418,PM-Scheduled,LOT-0022,PRD-D,GroupA
M-102,86,Jam,LOT-0015,PRD-E,GroupA
M-201,700,Changeover,LOT-0030,PRD-E,GroupB
M-103,325,Changeover,LOT-0031,PRD-A,GroupA
M-202,387,Changeover,LOT-0008,PRD-B,GroupB
M-301,766,Changeover,LOT-0014,PRD-E,GroupC
M-303,399,Changeover,LOT-0029,PRD-D,GroupC
M-301,31,Jam,LOT-0008,PRD-A,GroupC
M-301,96,Sensor Fault,LOT-0011,PRD-B,GroupC
M-103,1277,PM-Scheduled,LOT-0036,PRD-D,GroupA
M-303,123,Jam,LOT-0012,PRD-B,GroupC
M-302,502,Changeover,LOT-0029,PRD-E,GroupC
M-302,519,Changeover,LOT-0014,PRD-C,GroupC
M-102,1699,PM-Scheduled,LOT-0012,PRD-C,GroupA
M-301,49,Jam,LOT-0017,PRD-D,GroupC
M-301,1403,PM-Scheduled,LOT-0038,PRD-A,GroupC
M-301,768,Changeover,LOT-0040,PRD-B,GroupC
M-202,42,Power Blip,LOT-0006,PRD-B,GroupB
M-301,98,Jam,LOT-0008,PRD-B,GroupC
M-301,75,Sensor Fault,LOT-0025,PRD-D,GroupC
M-103,1466,PM-Scheduled,LOT-0012,PRD-D,GroupA
M-103,1602,PM-Scheduled,LOT-0019,PRD-B,GroupA
M-103,761,Changeover,LOT-0040,PRD-A,GroupA
M-301,154,Adjustment,LOT-0009,PRD-B,GroupC
M-302,159,Adjustment,LOT-0032,PRD-D,GroupC
M-303,754,Changeover,LOT-0032,PRD-B,GroupC
M-102,1051,PM-Scheduled,LOT-0019,PRD-A,GroupA
M-202,93,Jam,LOT-0011,PRD-D,GroupB
M-303,415,Changeover,LOT-0037,PRD-A,GroupC
M-202,487,Operator Break,LOT-0035,PRD-A,GroupB
M-303,735,Changeover,LOT-0007,PRD-B,GroupC
M-202,93,Material Shortage,LOT-0029,PRD-C,GroupB
M-301,149,Material Shortage,LOT-0029,PRD-A,GroupC
M-201,170,Jam,LOT-0023,PRD-E,GroupB
M-302,55,Jam,LOT-0014,PRD-B,GroupC
M-101,1690,PM-Scheduled,LOT-0018,PRD-E,GroupA
M-103,599,Changeover,LOT-0019,PRD-E,GroupA
M-202,161,Adjustment,LOT-0007,PRD-B,GroupB
M-302,22,Power Blip,LOT-0009,PRD-B,GroupC
M-201,102,Jam,LOT-0016,PRD-D,GroupB
M-303,88,Jam,LOT-0027,PRD-D,GroupC
M-303,43,Jam,LOT-0026,PRD-E,GroupC
M-202,57,Sensor Fault,LOT-0030,PRD-D,GroupB
M-301,790,PM-Scheduled,LOT-0030,PRD-C,GroupC
M-102,467,Material Shortage,LOT-0014,PRD-D,GroupA
M-201,630,Changeover,LOT-0019,PRD-C,GroupB
M-103,1593,PM-Scheduled,LOT-0022,PRD-A,GroupA
M-101,246,Jam,LOT-0002,PRD-A,GroupA
M-103,300,Changeover,LOT-0028,PRD-B,GroupA
M-103,137,Quality Check,LOT-0011,PRD-C,GroupA
M-102,42,Sensor Fault,LOT-0006,PRD-C,GroupA
M-103,180,Jam,LOT-0020,PRD-B,GroupA
M-302,100,Sensor Fault,LOT-0007,PRD-A,GroupC
M-201,435,Changeover,LOT-0038,PRD-B,GroupB
M-303,107,Jam,LOT-0008,PRD-D,GroupC
M-103,534,Changeover,LOT-0025,PRD-A,GroupA
M-102,114,Jam,LOT-0020,PRD-B,GroupA
M-302,368,Operator Break,LOT-0010,PRD-A,GroupC
M-101,31,Sensor Fault,LOT-0029,PRD-C,GroupA
M-201,29,Sensor Fault,LOT-0027,PRD-E,GroupB
M-303,148,Material Shortage,LOT-0007,PRD-B,GroupC
M-102,1386,PM-Scheduled,LOT-0023,PRD-D,GroupA
M-301,313,Material Shortage,LOT-0018,PRD-A,GroupC
M-201,1183,PM-Scheduled,LOT-0002,PRD-C,GroupB
M-201,821,Changeover,LOT-0013,PRD-D,GroupB
M-202,110,Sensor Fault,LOT-0016,PRD-D,GroupB
M-302,147,Jam,LOT-0039,PRD-A,GroupC
M-101,384,Unplanned Stop,LOT-0009,PRD-D,GroupA
M-302,476,Changeover,LOT-0031,PRD-A,GroupC
M-101,628,PM-Scheduled,LOT-0017,PRD-B,GroupA
M-101,55,Power Blip,LOT-0026,PRD-E,GroupA
M-202,74,Sensor Fault,LOT-0027,PRD-D,GroupB
M-302,157,Jam,LOT-0035,PRD-E,GroupC
M-103,99,Jam,LOT-0006,PRD-E,GroupA
M-201,219,Unplanned Stop,LOT-0035,PRD-C,GroupB
M-302,735,PM-Scheduled,LOT-0020,PRD-D,GroupC
M-201,42,Jam,LOT-0028,PRD-A,GroupB
M-303,17,Sensor Fault,LOT-0020,PRD-B,GroupC
M-102,55,Jam,LOT-0001,PRD-B,GroupA
M-303,163,Adjustment,LOT-0034,PRD-C,GroupC
M-103,575,Changeover,LOT-0008,PRD-A,GroupA
M-301,338,Material Shortage,LOT-0034,PRD-A,GroupC
M-202,83,Sensor Fault,LOT-0005,PRD-D,GroupB
M-303,356,Changeover,LOT-0032,PRD-E,GroupC
M-103,561,Changeover,LOT-0007,PRD-E,GroupA
M-102,150,Jam,LOT-0001,PRD-A,GroupA
M-101,252,Jam,LOT-0024,PRD-D,GroupA
M-103,29,Jam,LOT-0036,PRD-D,GroupA
M-201,726,Changeover,LOT-0021,PRD-C,GroupB
M-102,844,PM-Scheduled,LOT-0033,PRD-A,GroupA
M-103,152,Jam,LOT-0003,PRD-D,GroupA
M-102,349,Material Shortage,LOT-0020,PRD-C,GroupA
M-102,616,PM-Scheduled,LOT-0024,PRD-B,GroupA
M-202,1222,PM-Scheduled,LOT-0040,PRD-B,GroupB
M-303,805,Changeover,LOT-0013,PRD-E,GroupC
M-201,124,Jam,LOT-0002,PRD-B,GroupB
M-301,98,Sensor Fault,LOT-0001,PRD-C,GroupC
M-101,492,Operator Break,LOT-0020,PRD-A,GroupA
M-201,543,Changeover,LOT-0027,PRD-D,GroupB
M-101,205,Unplanned Stop,LOT-0018,PRD-A,GroupA
M-101,59,Power Blip,LOT-0034,PRD-D,GroupA
M-301,386,Changeover,LOT-0038,PRD-A,GroupC
M-103,60,Sensor Fault,LOT-0005,PRD-E,GroupA
M-101,433,Changeover,LOT-0016,PRD-C,GroupA
M-202,462,Material Shortage,LOT-0021,PRD-C,GroupB
M-303,39,Jam,LOT-0013,PRD-B,GroupC
M-102,62,Jam,LOT-0029,PRD-D,GroupA
M-301,848,Changeover,LOT-0023,PRD-B,GroupC
M-303,571,Changeover,LOT-0008,PRD-A,GroupC
M-103,371,Material Shortage,LOT-0039,PRD-A,GroupA
M-201,395,Material Shortage,LOT-0010,PRD-A,GroupB
M-201,131,Adjustment,LOT-0033,PRD-A,GroupB
M-202,64,Jam,LOT-0002,PRD-D,GroupB
M-303,1726,PM-Scheduled,LOT-0016,PRD-A,GroupC
M-303,55,Jam,LOT-0008,PRD-A,GroupC
M-101,287,Material Shortage,LOT-0009,PRD-B,GroupA
M-302,386,Changeover,LOT-0038,PRD-E,GroupC
M-202,9,Power Blip,LOT-0002,PRD-A,GroupB
M-201,33,Power Blip,LOT-0009,PRD-A,GroupB
M-301,138,Jam,LOT-0004,PRD-B,GroupC
M-302,464,Material Shortage,LOT-0032,PRD-A,GroupC
M-302,32,Sensor Fault,LOT-0023,PRD-B,GroupC
M-103,134,Jam,LOT-0010,PRD-A,GroupA
M-201,73,Sensor Fault,LOT-0027,PRD-E,GroupB
M-303,91,Jam,LOT-0025,PRD-B,GroupC
M-302,154,Jam,LOT-0016,PRD-E,GroupC
M-101,860,Unplanned Stop,LOT-0023,PRD-D,GroupA
M-303,879,Changeover,LOT-0033,PRD-C,GroupC
M-302,26,Jam,LOT-0021,PRD-E,GroupC
M-201,91,Jam,LOT-0004,PRD-D,GroupB
M-301,419,Operator Break,LOT-0011,PRD-A,GroupC
M-201,44,Sensor Fault,LOT-0035,PRD-A,GroupB
M-201,1395,PM-Scheduled,LOT-0023,PRD-B,GroupB
M-103,101,Jam,LOT-0023,PRD-E,GroupA
M-101,55,Sensor Fault,LOT-0037,PRD-E,GroupA
M-103,985,PM-Scheduled,LOT-0032,PRD-E,GroupA
M-202,29,Jam,LOT-0006,PRD-A,GroupB
M-201,12,Sensor Fault,LOT-0034,PRD-D,GroupB
M-101,506,Changeover,LOT-0009,PRD-C,GroupA
M-103,59,Power Blip,LOT-0021,PRD-A,GroupA
M-101,100,Jam,LOT-0008,PRD-E,GroupA
M-301,125,Adjustment,LOT-0026,PRD-E,GroupC
M-102,630,Changeover,LOT-0009,PRD-B,GroupA
M-302,558,Material Shortage,LOT-0021,PRD-B,GroupC
M-301,170,Jam,LOT-0012,PRD-D,GroupC
M-202,47,Sensor Fault,LOT-0009,PRD-B,GroupB
M-101,176,Adjustment,LOT-0026,PRD-E,GroupA
M-101,181,Jam,LOT-0040,PRD-B,GroupA
M-102,14,Power Blip,LOT-0022,PRD-A,GroupA
M-201,627,Changeover,LOT-0011,PRD-A,GroupB
M-301,571,Changeover,LOT-0014,PRD-B,GroupC
M-102,410,Changeover,LOT-0001,PRD-A,GroupA
M-302,729,Changeover,LOT-0011,PRD-D,GroupC
M-303,149,Quality Check,LOT-0035,PRD-D,GroupC
M-102,290,Material Shortage,LOT-0011,PRD-D,GroupA
M-102,94,Material Shortage,LOT-0019,PRD-A,GroupA
M-301,46,Jam,LOT-0005,PRD-C,GroupC
M-103,101,Quality Check,LOT-0005,PRD-E,GroupA
M-102,794,Changeover,LOT-0002,PRD-D,GroupA
M-103,65,Sensor Fault,LOT-0011,PRD-A,GroupA
M-102,494,Changeover,LOT-0027,PRD-E,GroupA
M-202,48,Sensor Fault,LOT-0016,PRD-A,GroupB
M-101,862,Changeover,LOT-0032,PRD-B,GroupA
M-101,737,Changeover,LOT-0006,PRD-C,GroupA
M-303,26,Jam,LOT-0014,PRD-B,GroupC
M-202,544,Unplanned Stop,LOT-0008,PRD-C,GroupB
M-302,571,Changeover,LOT-0006,PRD-E,GroupC
M-302,117,Jam,LOT-0024,PRD-B,GroupC
M-303,132,Jam,LOT-0030,PRD-C,GroupC
M-201,123,Material Shortage,LOT-0010,PRD-A,GroupB
M-102,113,Sensor Fault,LOT-0035,PRD-D,GroupA
M-201,1392,PM-Scheduled,LOT-0034,PRD-D,GroupB
M-303,1082,PM-Scheduled,LOT-0031,PRD-C,GroupC
M-102,335,Changeover,LOT-0033,PRD-E,GroupA
M-103,134,Jam,LOT-0012,PRD-B,GroupA
M-201,189,Material Shortage,LOT-0003,PRD-D,GroupB
M-102,505,Unplanned Stop,LOT-0013,PRD-B,GroupA
M-202,368,Changeover,LOT-0006,PRD-D,GroupB
M-302,1165,PM-Scheduled,LOT-0034,PRD-D,GroupC
M-101,595,Material Shortage,LOT-0027,PRD-A,GroupA
M-302,165,Jam,LOT-0038,PRD-E,GroupC
M-102,41,Power Blip,LOT-0007,PRD-C,GroupA
M-301,330,Material Shortage,LOT-0025,PRD-D,GroupC
M-303,90,Jam,LOT-0026,PRD-B,GroupC
M-302,104,Jam,LOT-0016,PRD-A,GroupC
M-303,28,Power Blip,LOT-0002,PRD-C,GroupC
M-202,803,Changeover,LOT-0007,PRD-B,GroupB
M-103,753,Changeover,LOT-0021,PRD-C,GroupA
M-302,21,Sensor Fault,LOT-0013,PRD-D,GroupC
M-201,31,Power Blip,LOT-0032,PRD-E,GroupB
M-301,587,Material Shortage,LOT-0011,PRD-A,GroupC
M-202,61,Sensor Fault,LOT-0009,PRD-E,GroupB
M-101,127,Jam,LOT-0004,PRD-B,GroupA
M-101,669,Changeover,LOT-0013,PRD-C,GroupA
M-301,577,Material Shortage,LOT-0026,PRD-A,GroupC
M-101,261,Jam,LOT-0039,PRD-D,GroupA
M-103,151,Adjustment,LOT-0038,PRD-E,GroupA
M-301,564,Changeover,LOT-0006,PRD-C,GroupC
M-101,466,Changeover,LOT-0037,PRD-B,GroupA
M-201,96,Sensor Fault,LOT-0014,PRD-C,GroupB
M-302,309,Changeover,LOT-0031,PRD-B,GroupC
M-103,11,Sensor Fault,LOT-0015,PRD-C,GroupA
M-202,100,Sensor Fault,LOT-0018,PRD-D,GroupB
M-302,530,Material Shortage,LOT-0017,PRD-B,GroupC
M-303,833,Changeover,LOT-0040,PRD-D,GroupC
M-102,115,Jam,LOT-0036,PRD-E,GroupA
M-202,47,Jam,LOT-0031,PRD-A,GroupB
M-301,1573,Unplanned Stop,LOT-0021,PRD-C,GroupC
M-202,93,Sensor Fault,LOT-0020,PRD-B,GroupB
M-103,546,Changeover,LOT-0004,PRD-E,GroupA
M-302,97,Sensor Fault,LOT-0009,PRD-A,GroupC
M-303,325,Unplanned Stop,LOT-0027,PRD-D,GroupC
M-302,84,Sensor Fault,LOT-0037,PRD-B,GroupC
M-301,38,Sensor Fault,LOT-0035,PRD-D,GroupC
M-301,474,Changeover,LOT-0036,PRD-B,GroupC
M-202,52,Jam,LOT-0017,PRD-E,GroupB
M-103,115,Adjustment,LOT-0006,PRD-B,GroupA
M-301,98,Jam,LOT-0027,PRD-C,GroupC
M-301,95,Jam,LOT-0030,PRD-A,GroupC
M-303,169,Jam,LOT-0038,PRD-E,GroupC
M-102,499,Changeover,LOT-0033,PRD-A,GroupA
M-302,723,Changeover,LOT-0004,PRD-B,GroupC
M-103,410,Unplanned Stop,LOT-0027,PRD-E,GroupA
M-303,66,Jam,LOT-0006,PRD-D,GroupC
M-301,32,Sensor Fault,LOT-0021,PRD-A,GroupC
M-101,514,Changeover,LOT-0011,PRD-E,GroupA
M-103,390,Changeover,LOT-0009,PRD-E,GroupA
M-302,61,Sensor Fault,LOT-0028,PRD-D,GroupC
M-302,156,Jam,LOT-0013,PRD-C,GroupC
M-101,253,Quality Check,LOT-0034,PRD-B,GroupA
M-101,90,Sensor Fault,LOT-0016,PRD-B,GroupA
M-301,405,Changeover,LOT-0025,PRD-E,GroupC
M-202,31,Jam,LOT-0020,PRD-C,GroupB
M-303,86,Sensor Fault,LOT-0034,PRD-C,GroupC
M-302,94,Quality Check,LOT-0022,PRD-D,GroupC
M-301,384,Operator Break,LOT-0026,PRD-A,GroupC
M-201,53,Jam,LOT-0014,PRD-A,GroupB
M-103,29,Jam,LOT-0025,PRD-C,GroupA
M-101,698,PM-Scheduled,LOT-0007,PRD-A,GroupA
M-101,63,Sensor Fault,LOT-0029,PRD-D,GroupA
M-102,785,Changeover,LOT-0010,PRD-B,GroupA
M-101,403,Changeover,LOT-0034,PRD-C,GroupA
M-103,407,Changeover,LOT-0033,PRD-E,GroupA
M-102,47,Jam,LOT-0032,PRD-B,GroupA
M-201,567,Operator Break,LOT-0013,PRD-C,GroupB
M-302,30,Jam,LOT-0036,PRD-D,GroupC
M-201,71,Sensor Fault,LOT-0022,PRD-B,GroupB
M-101,75,Jam,LOT-0008,PRD-E,GroupA
M-303,43,Jam,LOT-0033,PRD-A,GroupC
M-102,46,Power Blip,LOT-0015,PRD-D,GroupA
M-202,32,Jam,LOT-0007,PRD-B,GroupB
M-101,428,Material Shortage,LOT-0021,PRD-D,GroupA
M-102,31,Jam,LOT-0001,PRD-B,GroupA
M-103,748,Changeover,LOT-0040,PRD-C,GroupA
M-102,650,Changeover,LOT-0012,PRD-A,GroupA
M-302,767,Changeover,LOT-0018,PRD-D,GroupC
M-303,230,Material Shortage,LOT-0008,PRD-B,GroupC
M-101,223,Unplanned Stop,LOT-0007,PRD-D,GroupA
M-303,508,Material Shortage,LOT-0012,PRD-E,GroupC
M-302,314,Operator Break,LOT-0009,PRD-D,GroupC
M-303,125,Jam,LOT-0029,PRD-A,GroupC
M-102,100,Jam,LOT-0001,PRD-E,GroupA
M-201,745,Unplanned Stop,LOT-0022,PRD-E,GroupB
M-102,554,Changeover,LOT-0031,PRD-C,GroupA
M-302,162,Jam,LOT-0040,PRD-A,GroupC
M-101,30,Sensor Fault,LOT-0033,PRD-D,GroupA
M-303,136,Material Shortage,LOT-0032,PRD-C,GroupC
M-201,584,Changeover,LOT-0004,PRD-E,GroupB
M-201,1375,PM-Scheduled,LOT-0026,PRD-B,GroupB
M-102,886,Changeover,LOT-0029,PRD-A,GroupA
M-303,421,Changeover,LOT-0032,PRD-A,GroupC
M-102,336,Changeover,LOT-0036,PRD-E,GroupA
M-101,371,Material Shortage,LOT-0033,PRD-E,GroupA
M-201,68,Sensor Fault,LOT-0022,PRD-C,GroupB
M-101,525,Material Shortage,LOT-0022,PRD-E,GroupA
M-303,56,Sensor Fault,LOT-0029,PRD-A,GroupC
M-102,413,Operator Break,LOT-0001,PRD-C,GroupA
M-301,358,Material Shortage,LOT-0036,PRD-E,GroupC
M-301,15,Sensor Fault,LOT-0011,PRD-D,GroupC
M-103,479,Material Shortage,LOT-0007,PRD-C,GroupA
M-201,120,Jam,LOT-0014,PRD-D,GroupB
M-201,23,Sensor Fault,LOT-0027,PRD-A,GroupB
M-102,530,Operator Break,LOT-0030,PRD-E,GroupA
M-103,31,Adjustment,LOT-0034,PRD-A,GroupA
M-302,554,Material Shortage,LOT-0033,PRD-B,GroupC
M-103,26,Sensor Fault,LOT-0007,PRD-D,GroupA
M-301,693,Changeover,LOT-0027,PRD-E,GroupC
M-201,107,Jam,LOT-0019,PRD-D,GroupB
M-103,174,Jam,LOT-0033,PRD-C,GroupA
M-301,80,Sensor Fault,LOT-0014,PRD-B,GroupC
M-201,47,Sensor Fault,LOT-0023,PRD-B,GroupB
M-103,630,Changeover,LOT-0008,PRD-C,GroupA
M-303,1454,PM-Scheduled,LOT-0035,PRD-C,GroupC
M-302,595,Material Shortage,LOT-0007,PRD-A,GroupC
M-302,34,Jam,LOT-0013,PRD-C,GroupC
M-103,759,Unplanned Stop,LOT-0017,PRD-B,GroupA
M-101,47,Sensor Fault,LOT-0014,PRD-E,GroupA
M-101,763,Changeover,LOT-0007,PRD-E,GroupA
M-201,81,Sensor Fault,LOT-0025,PRD-B,GroupB
M-202,16,Sensor Fault,LOT-0025,PRD-D,GroupB
M-302,205,Adjustment,LOT-0021,PRD-E,GroupC
M-101,151,Jam,LOT-0013,PRD-E,GroupA
M-303,436,Material Shortage,LOT-0038,PRD-E,GroupC
M-201,399,Operator Break,LOT-0019,PRD-D,GroupB
M-103,136,Unplanned Stop,LOT-0012,PRD-B,GroupA
M-102,738,Changeover,LOT-0018,PRD-E,GroupA
M-202,169,Jam,LOT-0017,PRD-A,GroupB
M-301,458,Changeover,LOT-0003,PRD-B,GroupC
M-301,1216,PM-Scheduled,LOT-0032,PRD-E,GroupC
M-301,101,Jam,LOT-0034,PRD-B,GroupC
M-103,817,Changeover,LOT-0011,PRD-D,GroupA
M-302,76,Jam,LOT-0014,PRD-C,GroupC
M-301,523,Changeover,LOT-0040,PRD-E,GroupC
M-303,830,Unplanned Stop,LOT-0001,PRD-A,GroupC
M-301,549,Changeover,LOT-0003,PRD-C,GroupC
M-302,12,Power Blip,LOT-0025,PRD-C,GroupC
M-202,152,Jam,LOT-0024,PRD-E,GroupB
M-303,603,Changeover,LOT-0013,PRD-C,GroupC
M-102,72,Adjustment,LOT-0035,PRD-E,GroupA
M-101,36,Sensor Fault,LOT-0014,PRD-D,GroupA
M-102,131,Jam,LOT-0005,PRD-B,GroupA
M-101,639,Changeover,LOT-0003,PRD-A,GroupA
M-102,84,Jam,LOT-0036,PRD-A,GroupA
M-201,31,Power Blip,LOT-0025,PRD-D,GroupB
M-302,317,Changeover,LOT-0025,PRD-A,GroupC
M-101,89,Sensor Fault,LOT-0005,PRD-E,GroupA
M-101,19,Sensor Fault,LOT-0023,PRD-E,GroupA
M-102,97,Jam,LOT-0039,PRD-A,GroupA
M-202,524,Operator Break,LOT-0025,PRD-D,GroupB
M-101,846,Changeover,LOT-0015,PRD-B,GroupA
M-302,362,Material Shortage,LOT-0010,PRD-C,GroupC
M-301,32,Adjustment,LOT-0036,PRD-E,GroupC
M-103,21,Jam,LOT-0037,PRD-E,GroupA
M-302,387,Changeover,LOT-0020,PRD-B,GroupC
M-301,151,Jam,LOT-0010,PRD-B,GroupC
M-103,84,Jam,LOT-0013,PRD-A,GroupA
M-103,82,Sensor Fault,LOT-0004,PRD-E,GroupA
M-303,19,Sensor Fault,LOT-0019,PRD-A,GroupC
M-202,168,Jam,LOT-0032,PRD-C,GroupB
M-301,80,Jam,LOT-0007,PRD-C,GroupC
M-102,25,Power Blip,LOT-0032,PRD-D,GroupA
M-301,49,Sensor Fault,LOT-0038,PRD-B,GroupC
M-301,498,Material Shortage,LOT-0011,PRD-A,GroupC
M-301,76,Jam,LOT-0028,PRD-C,GroupC
M-301,104,Jam,LOT-0031,PRD-D,GroupC
M-303,612,Changeover,LOT-0032,PRD-E,GroupC
M-102,175,Jam,LOT-0006,PRD-C,GroupA
M-103,110,Quality Check,LOT-0017,PRD-A,GroupA
M-102,277,Quality Check,LOT-0033,PRD-A,GroupA
M-302,408,Operator Break,LOT-0003,PRD-E,GroupC
M-202,852,Changeover,LOT-0031,PRD-B,GroupB
M-301,597,Changeover,LOT-0009,PRD-D,GroupC
M-102,814,Changeover,LOT-0001,PRD-B,GroupA
M-103,371,Operator Break,LOT-0029,PRD-B,GroupA
M-103,1758,PM-Scheduled,LOT-0010,PRD-D,GroupA
M-301,144,Jam,LOT-0015,PRD-A,GroupC
M-202,343,Changeover,LOT-0014,PRD-E,GroupB
M-301,765,Changeover,LOT-0003,PRD-A,GroupC
M-301,153,Jam,LOT-0018,PRD-C,GroupC
M-103,687,Changeover,LOT-0024,PRD-E,GroupA
M-102,685,Changeover,LOT-0015,PRD-E,GroupA
M-302,653,Changeover,LOT-0032,PRD-D,GroupC
M-101,442,Changeover,LOT-0029,PRD-B,GroupA
M-201,91,Jam,LOT-0014,PRD-B,GroupB
M-103,174,Jam,LOT-0008,PRD-B,GroupA
M-302,176,Material Shortage,LOT-0031,PRD-D,GroupC
M-303,61,Jam,LOT-0027,PRD-A,GroupC
M-201,166,Jam,LOT-0038,PRD-B,GroupB
M-103,15,Sensor Fault,LOT-0037,PRD-B,GroupA
M-101,118,Jam,LOT-0034,PRD-D,GroupA
M-101,350,Material Shortage,LOT-0006,PRD-B,GroupA
M-303,70,Sensor Fault,LOT-0031,PRD-B,GroupC
M-201,206,Material Shortage,LOT-0038,PRD-B,GroupB
M-202,107,Jam,LOT-0030,PRD-E,GroupB
M-102,118,Jam,LOT-0009,PRD-A,GroupA
M-101,268,Jam,LOT-0027,PRD-B,GroupA
M-102,177,Jam,LOT-0039,PRD-A,GroupA
M-102,53,Jam,LOT-0039,PRD-E,GroupA
M-101,258,Quality Check,LOT-0028,PRD-E,GroupA
M-302,344,Changeover,LOT-0034,PRD-D,GroupC
M-201,35,Power Blip,LOT-0025,PRD-C,GroupB
M-102,560,Changeover,LOT-0031,PRD-B,GroupA
M-102,159,Jam,LOT-0027,PRD-C,GroupA
M-201,21,Jam,LOT-0037,PRD-E,GroupB
M-102,684,Changeover,LOT-0014,PRD-C,GroupA
M-302,458,Changeover,LOT-0028,PRD-E,GroupC
M-202,157,Jam,LOT-0028,PRD-E,GroupB
M-301,97,Sensor Fault,LOT-0026,PRD-B,GroupC
M-302,1741,PM-Scheduled,LOT-0031,PRD-B,GroupC
M-301,1590,PM-Scheduled,LOT-0017,PRD-C,GroupC
M-301,503,Operator Break,LOT-0009,PRD-A,GroupC
M-201,465,Changeover,LOT-0007,PRD-B,GroupB
M-302,113,Material Shortage,LOT-0011,PRD-D,GroupC
M-101,208,Material Shortage,LOT-0031,PRD-E,GroupA
M-302,87,Jam,LOT-0015,PRD-C,GroupC
M-102,102,Sensor Fault,LOT-0025,PRD-D,GroupA
M-202,86,Sensor Fault,LOT-0004,PRD-B,GroupB
M-303,506,Changeover,LOT-0034,PRD-C,GroupC
M-201,173,Jam,LOT-0033,PRD-E,GroupB
M-201,96,Sensor Fault,LOT-0003,PRD-C,GroupB
M-201,30,Sensor Fault,LOT-0006,PRD-C,GroupB
M-302,704,Changeover,LOT-0026,PRD-E,GroupC
M-201,370,Changeover,LOT-0006,PRD-E,GroupB
M-202,81,Sensor Fault,LOT-0038,PRD-C,GroupB
M-301,100,Adjustment,LOT-0015,PRD-E,GroupC
M-201,713,Changeover,LOT-0037,PRD-A,GroupB
M-202,149,Jam,LOT-0007,PRD-E,GroupB
M-102,648,Changeover,LOT-0008,PRD-E,GroupA
M-202,316,Material Shortage,LOT-0029,PRD-D,GroupB
M-303,473,Operator Break,LOT-0030,PRD-D,GroupC
M-101,564,Changeover,LOT-0005,PRD-D,GroupA
M-201,39,Sensor Fault,LOT-0021,PRD-D,GroupB
M-301,309,Changeover,LOT-0017,PRD-B,GroupC
M-202,107,Jam,LOT-0005,PRD-E,GroupB
M-103,662,Changeover,LOT-0014,PRD-E,GroupA
M-202,68,Jam,LOT-0032,PRD-B,GroupB
M-201,43,Sensor Fault,LOT-0014,PRD-B,GroupB
M-201,424,Material Shortage,LOT-0010,PRD-A,GroupB
M-102,48,Power Blip,LOT-0032,PRD-E,GroupA
M-101,577,Operator Break,LOT-0003,PRD-D,GroupA
M-301,73,Sensor Fault,LOT-0037,PRD-C,GroupC
M-303,150,Jam,LOT-0018,PRD-D,GroupC
M-201,365,Operator Break,LOT-0004,PRD-E,GroupB
M-302,853,Changeover,LOT-0003,PRD-E,GroupC
M-301,478,Changeover,LOT-0030,PRD-A,GroupC
M-303,308,Changeover,LOT-0001,PRD-B,GroupC
M-302,1266,PM-Scheduled,LOT-0024,PRD-E,GroupC
M-202,87,Jam,LOT-0016,PRD-C,GroupB
M-303,117,Adjustment,LOT-0024,PRD-B,GroupC
M-303,729,Changeover,LOT-0024,PRD-C,GroupC
M-302,66,Jam,LOT-0037,PRD-B,GroupC
M-201,336,Material Shortage,LOT-0016,PRD-E,GroupB
M-302,260,Material Shortage,LOT-0010,PRD-B,GroupC
M-303,240,Material Shortage,LOT-0027,PRD-D,GroupC
M-103,705,Unplanned Stop,LOT-0034,PRD-E,GroupA
M-301,367,Material Shortage,LOT-0017,PRD-E,GroupC
M-101,467,Changeover,LOT-0004,PRD-B,GroupA
M-202,398,Changeover,LOT-0029,PRD-C,GroupB
M-202,873,Changeover,LOT-0036,PRD-C,GroupB
M-301,51,Jam,LOT-0023,PRD-E,GroupC
M-201,1702,PM-Scheduled,LOT-0012,PRD-C,GroupB
M-301,822,Changeover,LOT-0032,PRD-D,GroupC
M-102,593,Changeover,LOT-0030,PRD-B,GroupA
M-103,53,Sensor Fault,LOT-0027,PRD-E,GroupA
M-302,133,Material Shortage,LOT-0006,PRD-B,GroupC
M-301,101,Jam,LOT-0019,PRD-C,GroupC
M-302,133,Jam,LOT-0024,PRD-E,GroupC
M-303,488,Changeover,LOT-0002,PRD-B,GroupC
M-201,105,Sensor Fault,LOT-0006,PRD-B,GroupB
M-103,397,Changeover,LOT-0005,PRD-D,GroupA
M-101,217,Jam,LOT-0034,PRD-A,GroupA
M-102,59,Jam,LOT-0006,PRD-D,GroupA
M-202,92,Jam,LOT-0029,PRD-B,GroupB
M-103,474,Changeover,LOT-0002,PRD-A,GroupA
M-301,393,Material Shortage,LOT-0031,PRD-D,GroupC
M-202,438,Changeover,LOT-0035,PRD-B,GroupB
M-303,91,Sensor Fault,LOT-0037,PRD-D,GroupC
M-202,35,Power Blip,LOT-0035,PRD-B,GroupB
M-102,674,Changeover,LOT-0027,PRD-C,GroupA
M-103,300,Changeover,LOT-0034,PRD-B,GroupA
M-301,156,Jam,LOT-0001,PRD-D,GroupC
M-303,130,Jam,LOT-0019,PRD-E,GroupC
M-201,442,Material Shortage,LOT-0013,PRD-D,GroupB
M-302,467,Changeover,LOT-0025,PRD-D,GroupC
M-201,128,Jam,LOT-0016,PRD-E,GroupB
M-202,156,Jam,LOT-0018,PRD-D,GroupB
M-201,246,Material Shortage,LOT-0009,PRD-C,GroupB
M-102,89,Sensor Fault,LOT-0029,PRD-C,GroupA
M-303,24,Jam,LOT-0010,PRD-A,GroupC
M-101,82,Jam,LOT-0019,PRD-C,GroupA
M-103,103,Sensor Fault,LOT-0001,PRD-B,GroupA
M-102,146,Jam,LOT-0014,PRD-C,GroupA
M-302,810,Changeover,LOT-0024,PRD-D,GroupC
M-101,449,Changeover,LOT-0004,PRD-C,GroupA
M-302,140,Jam,LOT-0012,PRD-B,GroupC
M-202,72,Material Shortage,LOT-0008,PRD-B,GroupB
M-302,526,Operator Break,LOT-0016,PRD-A,GroupC
M-201,396,Changeover,LOT-0034,PRD-B,GroupB
M-303,619,Changeover,LOT-0021,PRD-B,GroupC
M-101,80,Sensor Fault,LOT-0034,PRD-A,GroupA
M-202,605,Changeover,LOT-0013,PRD-C,GroupB
M-101,283,Material Shortage,LOT-0008,PRD-B,GroupA
M-302,471,Changeover,LOT-0018,PRD-E,GroupC
M-102,548,Changeover,LOT-0001,PRD-A,GroupA
M-303,29,Sensor Fault,LOT-0024,PRD-A,GroupC
M-201,43,Jam,LOT-0040,PRD-C,GroupB
M-101,106,Jam,LOT-0035,PRD-A,GroupA
M-103,624,Changeover,LOT-0036,PRD-C,GroupA
M-303,12,Sensor Fault,LOT-0025,PRD-C,GroupC
M-103,30,Jam,LOT-0032,PRD-D,GroupA
M-202,801,Changeover,LOT-0013,PRD-E,GroupB
M-103,631,Changeover,LOT-0030,PRD-C,GroupA
M-103,59,Jam,LOT-0029,PRD-C,GroupA
M-202,764,Changeover,LOT-0001,PRD-E,GroupB
M-302,12,Sensor Fault,LOT-0040,PRD-C,GroupC
M-201,364,Changeover,LOT-0035,PRD-D,GroupB
M-201,809,Changeover,LOT-0036,PRD-B,GroupB
M-202,629,Changeover,LOT-0008,PRD-A,GroupB
M-102,53,Jam,LOT-0012,PRD-A,GroupA
M-201,69,Jam,LOT-0007,PRD-A,GroupB
M-302,77,Sensor Fault,LOT-0040,PRD-E,GroupC
M-202,76,Jam,LOT-0039,PRD-A,GroupB
M-101,18,Power Blip,LOT-0032,PRD-A,GroupA
M-303,122,Material Shortage,LOT-0024,PRD-E,GroupC
M-302,119,Material Shortage,LOT-0040,PRD-C,GroupC
M-101,116,Sensor Fault,LOT-0020,PRD-A,GroupA
M-201,54,Adjustment,LOT-0007,PRD-B,GroupB
M-302,154,Jam,LOT-0016,PRD-E,GroupC
M-103,1743,PM-Scheduled,LOT-0027,PRD-A,GroupA
M-301,99,Sensor Fault,LOT-0028,PRD-A,GroupC
M-103,471,Material Shortage,LOT-0033,PRD-C,GroupA
M-103,753,Changeover,LOT-0023,PRD-C,GroupA
M-301,482,Material Shortage,LOT-0028,PRD-C,GroupC
M-201,1038,PM-Scheduled,LOT-0025,PRD-E,GroupB
M-202,763,Changeover,LOT-0029,PRD-D,GroupB
M-101,46,Sensor Fault,LOT-0039,PRD-A,GroupA
M-103,369,Unplanned Stop,LOT-0001,PRD-C,GroupA
M-201,100,Jam,LOT-0002,PRD-C,GroupB
M-103,137,Jam,LOT-0023,PRD-B,GroupA
M-103,169,Jam,LOT-0016,PRD-B,GroupA
M-202,154,Material Shortage,LOT-0037,PRD-D,GroupB
M-201,102,Sensor Fault,LOT-0021,PRD-D,GroupB
M-103,890,Changeover,LOT-0007,PRD-E,GroupA
M-202,167,Jam,LOT-0025,PRD-A,GroupB
M-101,26,Power Blip,LOT-0023,PRD-D,GroupA
M-302,12,Power Blip,LOT-0015,PRD-E,GroupC
M-101,90,Sensor Fault,LOT-0025,PRD-A,GroupA
M-202,626,Changeover,LOT-0035,PRD-E,GroupB
M-103,526,Changeover,LOT-0010,PRD-A,GroupA
M-302,830,Unplanned Stop,LOT-0039,PRD-E,GroupC
M-102,94,Jam,LOT-0026,PRD-B,GroupA
M-103,787,Changeover,LOT-0037,PRD-A,GroupA
M-302,122,Jam,LOT-0033,PRD-D,GroupC
M-103,546,Operator Break,LOT-0036,PRD-B,GroupA
M-303,885,Changeover,LOT-0013,PRD-E,GroupC
M-201,88,Jam,LOT-0028,PRD-C,GroupB
M-102,125,Jam,LOT-0028,PRD-C,GroupA
M-301,108,Jam,LOT-0039,PRD-A,GroupC
M-202,109,Jam,LOT-0040,PRD-D,GroupB
M-103,539,Changeover,LOT-0013,PRD-C,GroupA
M-103,343,Operator Break,LOT-0008,PRD-A,GroupA
M-201,67,Adjustment,LOT-0019,PRD-A,GroupB
M-301,24,Sensor Fault,LOT-0020,PRD-D,GroupC
M-303,73,Jam,LOT-0035,PRD-B,GroupC
M-201,564,Changeover,LOT-0036,PRD-D,GroupB
M-103,95,Sensor Fault,LOT-0002,PRD-D,GroupA
M-101,63,Jam,LOT-0019,PRD-B,GroupA
M-202,22,Jam,LOT-0005,PRD-D,GroupB
M-202,94,Sensor Fault,LOT-0024,PRD-A,GroupB
M-101,212,Jam,LOT-0015,PRD-D,GroupA
M-102,36,Power Blip,LOT-0039,PRD-E,GroupA
M-102,148,Jam,LOT-0030,PRD-E,GroupA
M-101,279,Jam,LOT-0020,PRD-C,GroupA
M-303,460,Changeover,LOT-0002,PRD-C,GroupC
M-301,609,Changeover,LOT-0016,PRD-E,GroupC
M-202,323,Material Shortage,LOT-0025,PRD-A,GroupB
M-202,107,Jam,LOT-0026,PRD-B,GroupB
M-102,76,Sensor Fault,LOT-0040,PRD-B,GroupA
M-302,59,Jam,LOT-0028,PRD-C,GroupC
M-301,434,Changeover,LOT-0014,PRD-B,GroupC
M-201,376,Material Shortage,LOT-0034,PRD-B,GroupB
M-302,848,Unplanned Stop,LOT-0010,PRD-E,GroupC
M-103,870,Changeover,LOT-0035,PRD-A,GroupA
M-103,449,Changeover,LOT-0002,PRD-C,GroupA
M-302,107,Adjustment,LOT-0029,PRD-C,GroupC
M-103,354,Operator Break,LOT-0009,PRD-B,GroupA
M-101,436,Operator Break,LOT-0039,PRD-E,GroupA
M-201,1072,PM-Scheduled,LOT-0002,PRD-C,GroupB
M-102,71,Sensor Fault,LOT-0009,PRD-E,GroupA
M-303,57,Sensor Fault,LOT-0012,PRD-D,GroupC
M-303,467,Changeover,LOT-0013,PRD-B,GroupC
M-101,315,Changeover,LOT-0018,PRD-D,GroupA
M-201,35,Sensor Fault,LOT-0014,PRD-A,GroupB
M-103,33,Power Blip,LOT-0040,PRD-D,GroupA
M-301,312,Material Shortage,LOT-0028,PRD-D,GroupC
M-101,115,Sensor Fault,LOT-0025,PRD-C,GroupA
M-302,105,Sensor Fault,LOT-0037,PRD-E,GroupC
M-101,762,Changeover,LOT-0030,PRD-A,GroupA
M-201,705,Changeover,LOT-0003,PRD-E,GroupB
M-302,350,Changeover,LOT-0013,PRD-C,GroupC
M-303,611,Changeover,LOT-0019,PRD-D,GroupC
M-103,355,Changeover,LOT-0034,PRD-B,GroupA
M-303,522,Material Shortage,LOT-0006,PRD-E,GroupC
M-102,169,Jam,LOT-0035,PRD-B,GroupA
M-302,761,Changeover,LOT-0002,PRD-B,GroupC
M-303,1013,PM-Scheduled,LOT-0030,PRD-A,GroupC
M-202,467,Changeover,LOT-0008,PRD-A,GroupB
M-102,91,Sensor Fault,LOT-0024,PRD-A,GroupA
M-302,75,Sensor Fault,LOT-0040,PRD-B,GroupC
M-302,689,PM-Scheduled,LOT-0011,PRD-C,GroupC
M-103,57,Jam,LOT-0012,PRD-A,GroupA
M-302,756,Changeover,LOT-0019,PRD-B,GroupC
M-102,111,Quality Check,LOT-0001,PRD-E,GroupA
M-202,147,Jam,LOT-0032,PRD-E,GroupB
M-101,73,Sensor Fault,LOT-0016,PRD-B,GroupA
M-303,752,Changeover,LOT-0006,PRD-E,GroupC
M-101,288,Jam,LOT-0018,PRD-E,GroupA
M-201,57,Jam,LOT-0004,PRD-C,GroupB
M-101,50,Jam,LOT-0037,PRD-E,GroupA
M-202,389,Changeover,LOT-0004,PRD-A,GroupB
M-302,225,Unplanned Stop,LOT-0019,PRD-E,GroupC
M-103,221,Adjustment,LOT-0038,PRD-C,GroupA
M-101,172,Jam,LOT-0021,PRD-C,GroupA
M-302,497,Material Shortage,LOT-0036,PRD-A,GroupC
M-202,424,Changeover,LOT-0018,PRD-C,GroupB
M-302,514,Changeover,LOT-0040,PRD-A,GroupC
M-102,1683,PM-Scheduled,LOT-0006,PRD-D,GroupA
M-202,624,Changeover,LOT-0017,PRD-E,GroupB
M-301,44,Power Blip,LOT-0037,PRD-D,GroupC
M-303,484,Changeover,LOT-0040,PRD-B,GroupC
M-202,61,Unplanned Stop,LOT-0008,PRD-A,GroupB
M-303,25,Sensor Fault,LOT-0014,PRD-E,GroupC
M-302,641,Changeover,LOT-0023,PRD-E,GroupC
M-201,71,Jam,LOT-0019,PRD-C,GroupB
M-102,818,Changeover,LOT-0036,PRD-C,GroupA
M-101,189,Jam,LOT-0022,PRD-D,GroupA
M-101,258,Material Shortage,LOT-0022,PRD-C,GroupA
M-303,56,Power Blip,LOT-0003,PRD-B,GroupC
M-303,137,Jam,LOT-0035,PRD-C,GroupC
M-303,483,Material Shortage,LOT-0004,PRD-E,GroupC
M-202,1246,PM-Scheduled,LOT-0036,PRD-E,GroupB
M-101,187,Jam,LOT-0023,PRD-A,GroupA
M-103,27,Jam,LOT-0022,PRD-D,GroupA
M-103,1397,PM-Scheduled,LOT-0012,PRD-E,GroupA
M-102,375,Material Shortage,LOT-0021,PRD-A,GroupA
M-202,808,Changeover,LOT-0016,PRD-C,GroupB
M-303,369,Material Shortage,LOT-0014,PRD-E,GroupC
M-202,115,Jam,LOT-0003,PRD-B,GroupB
M-102,325,Changeover,LOT-0031,PRD-E,GroupA
M-103,143,Jam,LOT-0034,PRD-C,GroupA
M-301,45,Jam,LOT-0034,PRD-B,GroupC
M-201,68,Sensor Fault,LOT-0025,PRD-E,GroupB
M-102,31,Jam,LOT-0039,PRD-A,GroupA
M-301,347,Changeover,LOT-0007,PRD-E,GroupC
M-202,99,Jam,LOT-0014,PRD-C,GroupB
M-201,90,Jam,LOT-0035,PRD-C,GroupB
M-303,44,Sensor Fault,LOT-0010,PRD-B,GroupC
M-202,179,Jam,LOT-0036,PRD-E,GroupB
M-102,109,Jam,LOT-0036,PRD-C,GroupA
M-202,92,Jam,LOT-0037,PRD-B,GroupB
M-103,176,Jam,LOT-0022,PRD-E,GroupA
M-303,27,Jam,LOT-0031,PRD-A,GroupC
M-102,388,Changeover,LOT-0028,PRD-D,GroupA
M-103,85,Sensor Fault,LOT-0029,PRD-E,GroupA
M-301,502,Changeover,LOT-0035,PRD-A,GroupC
M-303,790,PM-Scheduled,LOT-0030,PRD-A,GroupC
M-303,776,Changeover,LOT-0031,PRD-B,GroupC
M-201,177,Jam,LOT-0017,PRD-C,GroupB
M-302,104,Jam,LOT-0021,PRD-D,GroupC
M-303,141,Jam,LOT-0008,PRD-C,GroupC
M-303,474,Changeover,LOT-0019,PRD-C,GroupC
M-103,715,Changeover,LOT-0007,PRD-C,GroupA
M-102,532,Material Shortage,LOT-0026,PRD-E,GroupA
M-302,82,Jam,LOT-0036,PRD-B,GroupC
M-303,648,Changeover,LOT-0014,PRD-E,GroupC
M-302,505,Material Shortage,LOT-0037,PRD-C,GroupC
M-201,39,Jam,LOT-0037,PRD-D,GroupB
M-102,1548,PM-Scheduled,LOT-0021,PRD-E,GroupA
M-102,240,Material Shortage,LOT-0020,PRD-D,GroupA
M-102,1376,PM-Scheduled,LOT-0021,PRD-D,GroupA
M-101,99,Jam,LOT-0038,PRD-A,GroupA
M-103,67,Sensor Fault,LOT-0035,PRD-C,GroupA
M-302,67,Sensor Fault,LOT-0013,PRD-B,GroupC
M-301,97,Jam,LOT-0028,PRD-C,GroupC
M-102,1645,PM-Scheduled,LOT-0026,PRD-B,GroupA
M-202,160,Jam,LOT-0004,PRD-A,GroupB
M-301,92,Jam,LOT-0002,PRD-B,GroupC
M-302,60,Sensor Fault,LOT-0021,PRD-D,GroupC
M-302,858,Changeover,LOT-0014,PRD-B,GroupC
M-303,162,Jam,LOT-0025,PRD-C,GroupC
M-302,52,Jam,LOT-0009,PRD-A,GroupC
M-102,28,Sensor Fault,LOT-0032,PRD-D,GroupA
M-103,126,Jam,LOT-0030,PRD-E,GroupA
M-302,68,Sensor Fault,LOT-0033,PRD-D,GroupC
M-303,531,Changeover,LOT-0012,PRD-D,GroupC
M-101,1084,PM-Scheduled,LOT-0033,PRD-C,GroupA
M-302,41,Power Blip,LOT-0024,PRD-A,GroupC
M-101,1354,PM-Scheduled,LOT-0008,PRD-E,GroupA
M-303,50,Adjustment,LOT-0010,PRD-E,GroupC
M-202,380,Changeover,LOT-0034,PRD-E,GroupB
M-102,39,Jam,LOT-0035,PRD-E,GroupA
M-202,53,Sensor Fault,LOT-0035,PRD-A,GroupB
M-303,780,Changeover,LOT-0037,PRD-C,GroupC
M-302,601,Changeover,LOT-0019,PRD-B,GroupC
M-101,86,Sensor Fault,LOT-0020,PRD-E,GroupA
M-202,141,Jam,LOT-0038,PRD-B,GroupB
M-101,47,Sensor Fault,LOT-0040,PRD-A,GroupA
M-202,429,Changeover,LOT-0033,PRD-A,GroupB
M-202,177,Jam,LOT-0018,PRD-C,GroupB
M-202,48,Jam,LOT-0039,PRD-B,GroupB
M-103,57,Sensor Fault,LOT-0012,PRD-C,GroupA
M-201,840,Changeover,LOT-0003,PRD-C,GroupB
M-102,182,Adjustment,LOT-0010,PRD-D,GroupA
M-302,421,Operator Break,LOT-0029,PRD-B,GroupC
M-201,1306,PM-Scheduled,LOT-0004,PRD-C,GroupB
M-102,138,Jam,LOT-0026,PRD-D,GroupA
M-202,845,Changeover,LOT-0015,PRD-D,GroupB
M-302,448,Changeover,LOT-0034,PRD-D,GroupC
M-101,241,Jam,LOT-0025,PRD-C,GroupA
M-101,280,Jam,LOT-0023,PRD-D,GroupA
M-202,573,Changeover,LOT-0007,PRD-C,GroupB
M-302,547,Changeover,LOT-0038,PRD-B,GroupC
M-301,33,Sensor Fault,LOT-0021,PRD-E,GroupC
M-101,116,Sensor Fault,LOT-0005,PRD-A,GroupA
M-302,46,Jam,LOT-0029,PRD-C,GroupC
M-201,42,Sensor Fault,LOT-0013,PRD-A,GroupB
M-101,17,Sensor Fault,LOT-0039,PRD-B,GroupA
M-102,25,Sensor Fault,LOT-0006,PRD-E,GroupA
M-103,879,Changeover,LOT-0012,PRD-A,GroupA
M-103,139,Jam,LOT-0005,PRD-D,GroupA
M-202,465,Operator Break,LOT-0017,PRD-B,GroupB
M-102,35,Jam,LOT-0025,PRD-D,GroupA
M-301,712,Unplanned Stop,LOT-0017,PRD-B,GroupC
M-303,71,Jam,LOT-0040,PRD-D,GroupC
M-103,23,Sensor Fault,LOT-0010,PRD-E,GroupA
M-302,47,Jam,LOT-0029,PRD-C,GroupC
M-102,38,Jam,LOT-0037,PRD-C,GroupA
M-303,147,Jam,LOT-0010,PRD-A,GroupC
M-101,44,Sensor Fault,LOT-0010,PRD-C,GroupA
M-302,1655,PM-Scheduled,LOT-0032,PRD-D,GroupC
M-302,371,Changeover,LOT-0035,PRD-B,GroupC
M-101,793,Changeover,LOT-0008,PRD-E,GroupA
M-301,610,Changeover,LOT-0026,PRD-A,GroupC
M-102,648,Changeover,LOT-0006,PRD-D,GroupA
M-202,32,Sensor Fault,LOT-0036,PRD-A,GroupB
M-302,48,Sensor Fault,LOT-0025,PRD-A,GroupC
M-301,748,Changeover,LOT-0013,PRD-B,GroupC
M-101,307,Jam,LOT-0016,PRD-D,GroupA
M-302,158,Jam,LOT-0020,PRD-D,GroupC
M-303,34,Adjustment,LOT-0003,PRD-C,GroupC
M-101,343,Changeover,LOT-0026,PRD-A,GroupA
M-201,595,Material Shortage,LOT-0030,PRD-E,GroupB
M-103,39,Sensor Fault,LOT-0005,PRD-A,GroupA
M-103,319,Changeover,LOT-0031,PRD-E,GroupA
M-101,95,Jam,LOT-0001,PRD-B,GroupA
M-101,57,Power Blip,LOT-0007,PRD-D,GroupA
M-103,125,Material Shortage,LOT-0007,PRD-A,GroupA
M-303,1051,PM-Scheduled,LOT-0005,PRD-B,GroupC
M-302,711,Changeover,LOT-0021,PRD-A,GroupC
M-103,518,Changeover,LOT-0003,PRD-E,GroupA
M-103,423,Changeover,LOT-0018,PRD-B,GroupA
M-302,114,Jam,LOT-0036,PRD-B,GroupC
M-303,168,Jam,LOT-0003,PRD-B,GroupC
M-102,445,Material Shortage,LOT-0011,PRD-A,GroupA
M-303,21,Jam,LOT-0012,PRD-A,GroupC
M-202,787,Changeover,LOT-0009,PRD-B,GroupB
M-103,76,Sensor Fault,LOT-0029,PRD-D,GroupA
M-201,44,Power Blip,LOT-0003,PRD-E,GroupB
M-103,88,Sensor Fault,LOT-0006,PRD-C,GroupA
M-301,871,Changeover,LOT-0016,PRD-B,GroupC
M-102,157,Unplanned Stop,LOT-0040,PRD-C,GroupA
M-201,513,Changeover,LOT-0018,PRD-A,GroupB
M-201,58,Jam,LOT-0031,PRD-D,GroupB
M-103,31,Jam,LOT-0004,PRD-C,GroupA
M-202,84,Jam,LOT-0022,PRD-E,GroupB
M-303,33,Jam,LOT-0035,PRD-B,GroupC
M-103,556,Material Shortage,LOT-0033,PRD-A,GroupA
M-102,244,Quality Check,LOT-0029,PRD-E,GroupA
M-301,633,Changeover,LOT-0015,PRD-A,GroupC
M-301,80,Jam,LOT-0027,PRD-B,GroupC
M-302,78,Quality Check,LOT-0031,PRD-E,GroupC
M-303,131,Jam,LOT-0010,PRD-B,GroupC
M-303,115,Jam,LOT-0009,PRD-D,GroupC
M-201,44,Sensor Fault,LOT-0013,PRD-C,GroupB
M-103,165,Jam,LOT-0004,PRD-C,GroupA
M-103,139,Jam,LOT-0030,PRD-D,GroupA
M-103,412,Operator Break,LOT-0019,PRD-E,GroupA
M-103,234,Material Shortage,LOT-0037,PRD-E,GroupA
M-201,153,Jam,LOT-0032,PRD-B,GroupB
M-303,345,Material Shortage,LOT-0001,PRD-D,GroupC
M-201,131,Jam,LOT-0038,PRD-B,GroupB
M-103,5,Power Blip,LOT-0027,PRD-A,GroupA
M-101,811,Unplanned Stop,LOT-0033,PRD-A,GroupA
M-302,790,Changeover,LOT-0007,PRD-D,GroupC
M-303,162,Jam,LOT-0001,PRD-D,GroupC
M-201,95,Jam,LOT-0016,PRD-A,GroupB
M-101,612,Changeover,LOT-0011,PRD-D,GroupA
M-101,534,Unplanned Stop,LOT-0009,PRD-D,GroupA
M-103,439,Material Shortage,LOT-0030,PRD-A,GroupA
M-102,640,Changeover,LOT-0034,PRD-A,GroupA
M-202,576,Changeover,LOT-0040,PRD-E,GroupB
M-201,142,Material Shortage,LOT-0040,PRD-C,GroupB
M-101,672,Changeover,LOT-0004,PRD-A,GroupA
M-302,341,Changeover,LOT-0024,PRD-C,GroupC
M-103,100,Sensor Fault,LOT-0005,PRD-E,GroupA
M-201,105,Jam,LOT-0016,PRD-E,GroupB
M-102,104,Sensor Fault,LOT-0038,PRD-B,GroupA
M-201,573,Changeover,LOT-0033,PRD-D,GroupB
M-202,115,Jam,LOT-0023,PRD-D,GroupB
M-303,425,Changeover,LOT-0031,PRD-E,GroupC
M-202,676,Changeover,LOT-0005,PRD-B,GroupB
M-303,120,Jam,LOT-0012,PRD-C,GroupC
M-102,90,Jam,LOT-0008,PRD-B,GroupA
M-303,72,Jam,LOT-0034,PRD-A,GroupC
M-202,854,Changeover,LOT-0009,PRD-D,GroupB
M-301,321,Changeover,LOT-0019,PRD-B,GroupC
M-102,79,Jam,LOT-0034,PRD-C,GroupA
M-302,1268,PM-Scheduled,LOT-0032,PRD-E,GroupC
M-303,880,Changeover,LOT-0009,PRD-C,GroupC
M-103,292,Material Shortage,LOT-0031,PRD-C,GroupA
M-202,324,Operator Break,LOT-0010,PRD-C,GroupB
M-202,470,Changeover,LOT-0040,PRD-B,GroupB
M-202,64,Jam,LOT-0010,PRD-B,GroupB
M-201,101,Jam,LOT-0037,PRD-B,GroupB
M-303,67,Jam,LOT-0014,PRD-E,GroupC
M-101,54,Sensor Fault,LOT-0010,PRD-C,GroupA
M-303,466,Changeover,LOT-0035,PRD-C,GroupC
M-102,30,Power Blip,LOT-0032,PRD-B,GroupA
M-303,14,Power Blip,LOT-0001,PRD-E,GroupC
M-301,47,Sensor Fault,LOT-0031,PRD-C,GroupC
M-103,512,Material Shortage,LOT-0022,PRD-A,GroupA
M-303,13,Power Blip,LOT-0036,PRD-A,GroupC
M-202,178,Jam,LOT-0015,PRD-D,GroupB
M-301,34,Jam,LOT-0039,PRD-B,GroupC
M-201,344,Material Shortage,LOT-0013,PRD-A,GroupB
M-102,756,Changeover,LOT-0006,PRD-E,GroupA
M-302,101,Jam,LOT-0039,PRD-E,GroupC
M-101,28,Power Blip,LOT-0026,PRD-B,GroupA
M-302,681,Changeover,LOT-0001,PRD-C,GroupC
M-301,756,Changeover,LOT-0036,PRD-A,GroupC
M-201,66,Sensor Fault,LOT-0027,PRD-D,GroupB
M-202,128,Jam,LOT-0027,PRD-B,GroupB
M-102,97,Jam,LOT-0031,PRD-E,GroupA
M-301,171,Jam,LOT-0025,PRD-A,GroupC
M-101,579,Changeover,LOT-0027,PRD-B,GroupA
M-303,106,Sensor Fault,LOT-0009,PRD-B,GroupC
M-103,356,Material Shortage,LOT-0036,PRD-D,GroupA
M-101,369,Material Shortage,LOT-0038,PRD-C,GroupA
M-303,1549,PM-Scheduled,LOT-0015,PRD-A,GroupC
M-101,172,Jam,LOT-0031,PRD-A,GroupA
M-202,803,Changeover,LOT-0016,PRD-A,GroupB
M-102,552,Operator Break,LOT-0005,PRD-E,GroupA
M-301,1758,PM-Scheduled,LOT-0028,PRD-C,GroupC
M-303,897,Unplanned Stop,LOT-0008,PRD-C,GroupC
M-101,226,Material Shortage,LOT-0038,PRD-A,GroupA
M-103,438,Changeover,LOT-0023,PRD-B,GroupA
M-101,228,Jam,LOT-0023,PRD-A,GroupA
M-202,39,Jam,LOT-0033,PRD-B,GroupB
M-103,385,Operator Break,LOT-0035,PRD-C,GroupA
M-301,368,Material Shortage,LOT-0018,PRD-C,GroupC
M-102,660,Changeover,LOT-0010,PRD-A,GroupA
M-103,681,Changeover,LOT-0032,PRD-D,GroupA
M-301,15,Power Blip,LOT-0007,PRD-B,GroupC
M-103,492,Changeover,LOT-0036,PRD-E,GroupA
M-102,378,Changeover,LOT-0008,PRD-B,GroupA
M-101,619,Changeover,LOT-0024,PRD-B,GroupA
M-303,212,Quality Check,LOT-0034,PRD-C,GroupC
M-103,13,Sensor Fault,LOT-0008,PRD-B,GroupA
M-103,205,Material Shortage,LOT-0015,PRD-C,GroupA
M-103,40,Jam,LOT-0028,PRD-A,GroupA
M-102,143,Jam,LOT-0028,PRD-A,GroupA
M-201,151,Jam,LOT-0038,PRD-A,GroupB
M-303,84,Jam,LOT-0003,PRD-A,GroupC
M-202,106,Sensor Fault,LOT-0007,PRD-A,GroupB
M-201,1009,PM-Scheduled,LOT-0012,PRD-C,GroupB
M-101,163,Jam,LOT-0038,PRD-C,GroupA
M-301,148,Jam,LOT-0040,PRD-B,GroupC
M-102,168,Jam,LOT-0001,PRD-E,GroupA
M-201,46,Sensor Fault,LOT-0011,PRD-E,GroupB
M-101,161,Unplanned Stop,LOT-0014,PRD-E,GroupA
M-303,489,Changeover,LOT-0029,PRD-A,GroupC
M-103,448,Material Shortage,LOT-0028,PRD-B,GroupA
M-201,621,Changeover,LOT-0008,PRD-D,GroupB
M-102,807,Changeover,LOT-0024,PRD-C,GroupA
M-101,262,Jam,LOT-0008,PRD-D,GroupA
M-202,619,Changeover,LOT-0029,PRD-B,GroupB
M-302,129,Jam,LOT-0013,PRD-A,GroupC
M-303,28,Power Blip,LOT-0012,PRD-A,GroupC
M-303,60,Sensor Fault,LOT-0029,PRD-E,GroupC
M-102,121,Jam,LOT-0026,PRD-E,GroupA
M-102,31,Sensor Fault,LOT-0005,PRD-C,GroupA
M-201,713,Changeover,LOT-0008,PRD-B,GroupB
M-302,45,Sensor Fault,LOT-0038,PRD-E,GroupC
M-202,504,Operator Break,LOT-0023,PRD-D,GroupB
M-302,583,Unplanned Stop,LOT-0018,PRD-B,GroupC
M-303,84,Jam,LOT-0032,PRD-D,GroupC
M-201,27,Sensor Fault,LOT-0002,PRD-A,GroupB
M-101,570,Material Shortage,LOT-0002,PRD-B,GroupA
M-302,51,Sensor Fault,LOT-0010,PRD-C,GroupC
M-102,566,Operator Break,LOT-0032,PRD-D,GroupA
M-201,147,Jam,LOT-0032,PRD-E,GroupB
M-202,853,Changeover,LOT-0035,PRD-A,GroupB
M-101,181,Unplanned Stop,LOT-0025,PRD-D,GroupA
M-301,513,Material Shortage,LOT-0030,PRD-A,GroupC
M-101,174,Jam,LOT-0011,PRD-D,GroupA
M-302,119,Jam,LOT-0032,PRD-A,GroupC
M-303,97,Sensor Fault,LOT-0035,PRD-E,GroupC
M-303,460,Changeover,LOT-0033,PRD-A,GroupC
M-302,171,Jam,LOT-0025,PRD-E,GroupC
M-301,445,Operator Break,LOT-0021,PRD-A,GroupC
M-101,862,PM-Scheduled,LOT-0024,PRD-C,GroupA
M-101,474,Operator Break,LOT-0025,PRD-A,GroupA
M-302,665,Changeover,LOT-0027,PRD-C,GroupC
M-101,41,Sensor Fault,LOT-0016,PRD-C,GroupA
M-102,9,Power Blip,LOT-0020,PRD-A,GroupA
M-301,157,Jam,LOT-0021,PRD-A,GroupC
M-303,64,Sensor Fault,LOT-0037,PRD-E,GroupC
M-302,140,Jam,LOT-0038,PRD-A,GroupC
M-301,699,Changeover,LOT-0021,PRD-E,GroupC
M-102,162,Material Shortage,LOT-0014,PRD-C,GroupA
M-303,647,Changeover,LOT-0011,PRD-E,GroupC
M-202,746,Changeover,LOT-0013,PRD-D,GroupB
M-102,279,Material Shortage,LOT-0019,PRD-C,GroupA
M-101,298,Jam,LOT-0026,PRD-B,GroupA
M-102,84,Sensor Fault,LOT-0007,PRD-E,GroupA
M-301,165,Jam,LOT-0034,PRD-D,GroupC
M-302,39,Jam,LOT-0020,PRD-E,GroupC
M-202,852,Changeover,LOT-0021,PRD-B,GroupB
M-302,827,Changeover,LOT-0030,PRD-E,GroupC
M-103,220,Quality Check,LOT-0034,PRD-B,GroupA
M-303,139,Jam,LOT-0018,PRD-E,GroupC
M-302,51,Power Blip,LOT-0004,PRD-E,GroupC
M-201,451,Changeover,LOT-0016,PRD-B,GroupB
M-202,480,Material Shortage,LOT-0021,PRD-A,GroupB
M-201,333,Material Shortage,LOT-0019,PRD-B,GroupB
M-202,40,Sensor Fault,LOT-0026,PRD-B,GroupB
M-102,27,Jam,LOT-0016,PRD-C,GroupA
M-303,746,Changeover,LOT-0028,PRD-A,GroupC
M-201,54,Jam,LOT-0002,PRD-C,GroupB
M-202,32,Sensor Fault,LOT-0003,PRD-D,GroupB
M-101,73,Jam,LOT-0021,PRD-E,GroupA
M-202,476,Material Shortage,LOT-0024,PRD-A,GroupB
M-302,215,Adjustment,LOT-0009,PRD-B,GroupC
M-102,1624,PM-Scheduled,LOT-0008,PRD-E,GroupA
M-202,392,Changeover,LOT-0016,PRD-E,GroupB
M-102,460,Operator Break,LOT-0022,PRD-E,GroupA
M-302,301,Material Shortage,LOT-0028,PRD-B,GroupC
M-103,74,Jam,LOT-0018,PRD-D,GroupA
M-302,170,Jam,LOT-0004,PRD-D,GroupC
M-301,24,Sensor Fault,LOT-0021,PRD-E,GroupC
M-302,552,Changeover,LOT-0018,PRD-B,GroupC
M-301,676,Changeover,LOT-0020,PRD-A,GroupC
M-101,115,Material Shortage,LOT-0016,PRD-C,GroupA
M-302,671,Changeover,LOT-0008,PRD-E,GroupC
M-201,457,Material Shortage,LOT-0001,PRD-D,GroupB
M-202,541,Changeover,LOT-0020,PRD-B,GroupB
M-103,45,Power Blip,LOT-0021,PRD-D,GroupA
M-101,72,Jam,LOT-0032,PRD-D,GroupA
M-302,26,Power Blip,LOT-0028,PRD-A,GroupC
M-103,74,Sensor Fault,LOT-0005,PRD-C,GroupA
M-302,114,Sensor Fault,LOT-0036,PRD-C,GroupC
M-303,107,Sensor Fault,LOT-0004,PRD-B,GroupC
M-303,199,Material Shortage,LOT-0001,PRD-D,GroupC
M-201,50,Sensor Fault,LOT-0037,PRD-A,GroupB
M-102,152,Jam,LOT-0009,PRD-E,GroupA
M-302,387,Material Shortage,LOT-0029,PRD-D,GroupC
M-103,171,Jam,LOT-0021,PRD-C,GroupA
M-201,114,Jam,LOT-0012,PRD-D,GroupB
M-302,176,Adjustment,LOT-0015,PRD-A,GroupC
M-101,46,Power Blip,LOT-0040,PRD-B,GroupA
M-102,263,Unplanned Stop,LOT-0017,PRD-B,GroupA
M-101,739,Changeover,LOT-0039,PRD-C,GroupA
M-103,114,Jam,LOT-0011,PRD-E,GroupA
M-102,154,Jam,LOT-0028,PRD-D,GroupA
M-303,72,Jam,LOT-0013,PRD-C,GroupC
M-202,58,Sensor Fault,LOT-0009,PRD-D,GroupB
M-201,115,Sensor Fault,LOT-0019,PRD-B,GroupB
M-302,57,Jam,LOT-0002,PRD-C,GroupC
M-202,135,Jam,LOT-0016,PRD-C,GroupB
M-303,140,Jam,LOT-0009,PRD-C,GroupC
M-302,101,Sensor Fault,LOT-0025,PRD-D,GroupC
M-202,162,Jam,LOT-0004,PRD-A,GroupB
M-301,35,Power Blip,LOT-0023,PRD-E,GroupC
M-101,268,Jam,LOT-0040,PRD-D,GroupA
M-202,747,Unplanned Stop,LOT-0024,PRD-B,GroupB
M-101,1133,PM-Scheduled,LOT-0011,PRD-E,GroupA
M-303,34,Power Blip,LOT-0009,PRD-A,GroupC
M-301,65,Sensor Fault,LOT-0010,PRD-C,GroupC
M-102,430,Changeover,LOT-0032,PRD-C,GroupA
